"Season","Away","AwayScore","at","Home","HomeScore","OT","Notes","Date","GameType"
"20162017","Simon Fraser",1,"@","Alaska-Anchorage",6,"","","9/30/2016","EX"
"20162017","Alabama-Huntsville",2,"@","(20) Ferris State",1,"","","10/1/2016","WC"
"20162017","Army West Point",2,"@","Colgate",2,"OT","","10/1/2016","NC"
"20162017","(17) Michigan Tech",0,"@","(6) Minnesota-Duluth",6,"","","10/1/2016","NC"
"20162017","Windsor",2,"@","(14) Bowling Green",3,"","","10/1/2016","EX"
"20162017","Prince Edward Island",2,"@","(4) Boston University",10,"","","10/1/2016","EX"
"20162017","Québec à Trois-Rivières",4,"@","Clarkson",3,"","","10/1/2016","EX"
"20162017","QC Trois Rivieres",4,"@","Clarkson",3,"","","10/1/2016","EX"
"20162017","Mount Royal",1,"@","(3) Denver",4,"","","10/1/2016","EX"
"20162017","Carleton",5,"@","Holy Cross",7,"","","10/1/2016","EX"
"20162017","Carleton (ON)",5,"@","Holy Cross",7,"","","10/1/2016","EX"
"20162017","New Brunswick",3,"@","Merrimack",5,"","","10/1/2016","EX"
"20162017","Guelph",6,"@","Mercyhurst",2,"","","10/1/2016","EX"
"20162017","Regina",3,"@","(19) Minnesota State",5,"","","10/1/2016","EX"
"20162017","Waterloo",1,"@","Miami",8,"","","10/1/2016","EX"
"20162017","Western Ontario",2,"@","Niagara",1,"","","10/1/2016","EX"
"20162017","Acadia",1,"@","(15) Northeastern",3,"","","10/1/2016","EX"
"20162017","McGill",1,"@","(2) Quinnipiac",2,"","","10/1/2016","EX"
"20162017","Brock",0,"@","RIT",3,"","","10/1/2016","EX"
"20162017","Queen's",2,"@","Robert Morris",2,"OT","","10/1/2016","EX"
"20162017","St. Francis Xavier",4,"@","Connecticut",3,"","","10/1/2016","EX"
"20162017","Dalhousie",5,"@","Massachusetts",7,"","","10/1/2016","EX"
"20162017","Manitoba",1,"@","(1) North Dakota",5,"","","10/1/2016","EX"
"20162017","Concordia (QC)",3,"@","Vermont",2,"","","10/1/2016","EX"
"20162017","Victoria",1,"@","Wisconsin",10,"","","10/1/2016","EX"
"20162017","Toronto",4,"@","Western Michigan",3,"","","10/1/2016","EX"
"20162017","Alabama-Huntsville",4,"@","(20) Ferris State",3,"","","10/2/2016","WC"
"20162017","(17) Michigan Tech",3,"@","(6) Minnesota-Duluth",4,"","","10/2/2016","NC"
"20162017","Carleton",3,"@","(5) Boston College",4,"","","10/2/2016","EX"
"20162017","Carleton (ON)",3,"@","(5) Boston College",4,"","","10/2/2016","EX"
"20162017","Guelph",6,"@","Canisius",2,"","","10/2/2016","EX"
"20162017","Mount Royal",0,"@","Colorado College",3,"","","10/2/2016","EX"
"20162017","Laurentian",3,"@","Lake Superior",3,"OT","","10/2/2016","EX"
"20162017","St. Francis Xavier",6,"@","Maine",5,"","","10/2/2016","EX"
"20162017","Toronto",2,"@","Michigan State",2,"OT","","10/2/2016","EX"
"20162017","USA Under-18 Team",1,"@","(9) Notre Dame",5,"","","10/2/2016","EX"
"20162017","Victoria",1,"@","Northern Michigan",10,"","","10/2/2016","EX"
"20162017","Wilfrid Laurier",2,"@","Ohio State",9,"","","10/2/2016","EX"
"20162017","Acadia",0,"@","(10) Providence",3,"","","10/2/2016","EX"
"20162017","Queen's",0,"@","Penn State",8,"","","10/2/2016","EX"
"20162017","McGill",0,"@","Rensselaer",3,"","","10/2/2016","EX"
"20162017","Regina",2,"@","(7) St. Cloud State",6,"","","10/2/2016","EX"
"20162017","Ryerson",4,"@","Sacred Heart",7,"","","10/2/2016","EX"
"20162017","QC Trois Rivieres",1,"@","(16) St. Lawrence",4,"","","10/2/2016","EX"
"20162017","Québec à Trois-Rivières",1,"@","(16) St. Lawrence",4,"","","10/2/2016","EX"
"20162017","Simon Fraser",0,"@","Alaska",2,"","","10/2/2016","EX"
"20162017","Windsor",0,"@","(11) Michigan",2,"","","10/2/2016","EX"
"20162017","Prince Edward Island",0,"@","(8) Massachusetts-Lowell",7,"","","10/2/2016","EX"
"20162017","New Brunswick",1,"@","New Hampshire",3,"","","10/2/2016","EX"
"20162017","Mount Royal",1,"@","Air Force",5,"","","10/3/2016","EX"
"20162017","Western Michigan",5,"@","(20) Ferris State",3,"","","10/6/2016","NC"
"20162017","(16) St. Lawrence",2,"@","Penn State",4,"","","10/6/2016","NC"
"20162017","USA Under-18 Team",2,"@","(4) Boston University",8,"","","10/6/2016","EX"
"20162017","Sacred Heart",0,"@","Army West Point",4,"","","10/7/2016","AH"
"20162017","Holy Cross",8,"@","Niagara",2,"","","10/7/2016","AH"
"20162017","Robert Morris",3,"@","RIT",6,"","","10/7/2016","AH"
"20162017","(14) Bowling Green",1,"@","Bemidji State",2,"","","10/7/2016","WC"
"20162017","(17) Michigan Tech",1,"@","(19) Minnesota State",3,"","","10/7/2016","WC"
"20162017","Air Force",2,"vs.","(5) Boston College",1,"","","10/7/2016","NC"
"20162017","Vermont",5,"@","Clarkson",2,"","","10/7/2016","NC"
"20162017","Ohio State",3,"@","(3) Denver",2,"","","10/7/2016","NC"
"20162017","Rensselaer",1,"@","Maine",5,"","","10/7/2016","NC"
"20162017","Arizona State",2,"@","(9) Notre Dame",9,"","","10/7/2016","NC"
"20162017","Wisconsin",2,"vs.","Northern Michigan",3,"","","10/7/2016","NC"
"20162017","Miami",3,"@","(10) Providence",4,"","","10/7/2016","NC"
"20162017","(16) St. Lawrence",6,"@","Penn State",3,"","","10/7/2016","NC"
"20162017","(15) Northeastern",2,"@","(2) Quinnipiac",2,"OT","","10/7/2016","NC"
"20162017","(13) Minnesota",6,"@","Alaska-Anchorage",0,"","","10/7/2016","NC"
"20162017","Alabama-Huntsville",0,"@","Connecticut",6,"","","10/7/2016","NC"
"20162017","Union",4,"@","(11) Michigan",3,"","","10/7/2016","NC"
"20162017","Colorado College",0,"@","Massachusetts",3,"","","10/7/2016","NC"
"20162017","(6) Minnesota-Duluth",4,"@","(8) Massachusetts-Lowell",4,"OT","","10/7/2016","NC"
"20162017","Canisius",0,"@","(1) North Dakota",6,"","","10/7/2016","NC"
"20162017","(20) Ferris State",1,"@","Western Michigan",2,"","","10/7/2016","NC"
"20162017","Holy Cross",4,"@","Niagara",4,"OT","","10/8/2016","AH"
"20162017","Robert Morris",6,"@","RIT",5,"","","10/8/2016","AH"
"20162017","(14) Bowling Green",1,"@","Bemidji State",4,"","","10/8/2016","WC"
"20162017","(17) Michigan Tech",0,"@","(19) Minnesota State",4,"","","10/8/2016","WC"
"20162017","(4) Boston University",6,"@","Colgate",1,"","","10/8/2016","NC"
"20162017","Rensselaer",2,"@","Maine",4,"","","10/8/2016","NC"
"20162017","Arizona State",2,"@","(9) Notre Dame",4,"","","10/8/2016","NC"
"20162017","Wisconsin",6,"vs.","Northern Michigan",5,"","","10/8/2016","NC"
"20162017","Miami",2,"@","(10) Providence",1,"","","10/8/2016","NC"
"20162017","(15) Northeastern",2,"@","(2) Quinnipiac",5,"","","10/8/2016","NC"
"20162017","Alaska",4,"@","Alaska-Anchorage",1,"","","10/8/2016","NC"
"20162017","Alabama-Huntsville",0,"@","Connecticut",4,"","","10/8/2016","NC"
"20162017","Union",0,"@","(11) Michigan",4,"","","10/8/2016","NC"
"20162017","Colorado College",7,"@","Massachusetts",4,"","","10/8/2016","NC"
"20162017","(6) Minnesota-Duluth",1,"@","(8) Massachusetts-Lowell",1,"OT","","10/8/2016","NC"
"20162017","Canisius",1,"@","(1) North Dakota",4,"","","10/8/2016","NC"
"20162017","Bentley",5,"@","New Hampshire",1,"","","10/8/2016","NC"
"20162017","Clarkson",3,"@","Vermont",2,"","","10/8/2016","NC"
"20162017","Ohio State",3,"vs.","Air Force",3,"OT","IceBreaker","10/8/2016","NC"
"20162017","(5) Boston College",3,"@","(3) Denver",1,"","IceBreaker","10/8/2016","NC"
"20162017","USA Under-18 Team",2,"@","(12) Harvard",5,"","","10/8/2016","EX"
"20162017","Alberta",3,"@","Omaha",2,"","","10/8/2016","EX"
"20162017","Sacred Heart",2,"@","Merrimack",1,"","","10/9/2016","NC"
"20162017","(13) Minnesota",6,"vs.","Alaska",3,"","","10/9/2016","NC"
"20162017","Sacred Heart",0,"@","Army West Point",3,"","","10/14/2016","AH"
"20162017","Alabama-Huntsville",3,"@","Michigan Tech",7,"","","10/14/2016","WC"
"20162017","Bemidji State",2,"@","Northern Michigan",0,"","","10/14/2016","WC"
"20162017","Union",5,"@","American International",4,"","","10/14/2016","NC"
"20162017","(18) Air Force",4,"@","Arizona State",3,"","","10/14/2016","NC"
"20162017","(16) Northeastern",1,"@","Bentley",1,"OT","","10/14/2016","NC"
"20162017","Western Michigan",4,"@","(20) Bowling Green",4,"OT","","10/14/2016","NC"
"20162017","(8) Massachusetts-Lowell",8,"@","Colorado College",5,"","","10/14/2016","NC"
"20162017","Merrimack",0,"@","Clarkson",4,"","","10/14/2016","NC"
"20162017","Connecticut",4,"@","Colgate",4,"OT","","10/14/2016","NC"
"20162017","(2) Boston University",3,"@","(10) Denver",4,"","","10/14/2016","NC"
"20162017","Michigan State",1,"@","Lake Superior",6,"","","10/14/2016","NC"
"20162017","(3) Quinnipiac",3,"@","Maine",4,"OT","","10/14/2016","NC"
"20162017","Penn State",7,"@","Mercyhurst",0,"","","10/14/2016","NC"
"20162017","(7) St. Cloud State",1,"@","(14) Minnesota State",4,"","","10/14/2016","NC"
"20162017","New Hampshire",2,"@","(15) St. Lawrence",6,"","","10/14/2016","NC"
"20162017","(5) Notre Dame",3,"@","(4) Minnesota-Duluth",4,"","","10/14/2016","NC"
"20162017","(6) Boston College",1,"@","Wisconsin",3,"","","10/14/2016","NC"
"20162017","Omaha",3,"vs.","Alaska-Anchorage",1,"","Alaska Goal Rush","10/14/2016","NC"
"20162017","Canisius",2,"@","Alaska",1,"OT","Alaska Goal Rush","10/14/2016","NC"
"20162017","USA Under-18 Team",0,"@","(9) Minnesota",9,"","","10/14/2016","EX"
"20162017","Alabama-Huntsville",1,"@","Michigan Tech",1,"OT","","10/15/2016","WC"
"20162017","Bemidji State",2,"@","Northern Michigan",0,"","","10/15/2016","WC"
"20162017","(8) Massachusetts-Lowell",4,"@","Colorado College",0,"","","10/15/2016","NC"
"20162017","New Hampshire",5,"@","Clarkson",3,"","","10/15/2016","NC"
"20162017","(2) Boston University",1,"@","(10) Denver",3,"","","10/15/2016","NC"
"20162017","(13) Michigan",2,"@","Ferris State",1,"","","10/15/2016","NC"
"20162017","(11) Providence",1,"@","Holy Cross",2,"OT","","10/15/2016","NC"
"20162017","Michigan State",3,"@","Lake Superior",7,"","","10/15/2016","NC"
"20162017","(3) Quinnipiac",3,"@","Maine",2,"OT","","10/15/2016","NC"
"20162017","(7) St. Cloud State",4,"@","(14) Minnesota State",6,"","","10/15/2016","NC"
"20162017","(19) Ohio State",1,"@","Miami",1,"OT","","10/15/2016","NC"
"20162017","Bentley",3,"@","(16) Northeastern",7,"","","10/15/2016","NC"
"20162017","Connecticut",1,"@","RIT",1,"OT","","10/15/2016","NC"
"20162017","Union",4,"@","Sacred Heart",4,"OT","","10/15/2016","NC"
"20162017","Merrimack",1,"@","(15) St. Lawrence",4,"","","10/15/2016","NC"
"20162017","(5) Notre Dame",3,"@","(4) Minnesota-Duluth",1,"","","10/15/2016","NC"
"20162017","Rensselaer",2,"@","(1) North Dakota",5,"","","10/15/2016","NC"
"20162017","(20) Bowling Green",2,"@","Western Michigan",8,"","","10/15/2016","NC"
"20162017","Canisius",0,"vs.","Alaska-Anchorage",1,"","Alaska Goal Rush","10/15/2016","NC"
"20162017","Omaha",4,"@","Alaska",3,"OT","Alaska Goal Rush","10/15/2016","NC"
"20162017","(18) Air Force",2,"@","Arizona State",5,"","","10/16/2016","NC"
"20162017","(6) Boston College",8,"@","Wisconsin",5,"","","10/16/2016","NC"
"20162017","Niagara",2,"@","Mercyhurst",4,"","","10/18/2016","AH"
"20162017","Connecticut",2,"@","(4) Quinnipiac",5,"","","10/19/2016","NC"
"20162017","Bentley",2,"@","Air Force",5,"","","10/21/2016","AH"
"20162017","Robert Morris",3,"@","Canisius",6,"","","10/21/2016","AH"
"20162017","Northern Michigan",6,"@","Ferris State",4,"","","10/21/2016","WC"
"20162017","(9) Minnesota State",7,"@","Alaska",1,"","","10/21/2016","WC"
"20162017","Lake Superior",6,"@","Alabama-Huntsville",3,"","","10/21/2016","WC"
"20162017","Colorado College",1,"@","(10) Boston College",4,"","","10/21/2016","NC"
"20162017","(19) Ohio State",5,"@","Bowling Green",4,"","","10/21/2016","NC"
"20162017","Sacred Heart",0,"@","(8) Boston University",7,"","","10/21/2016","NC"
"20162017","Colgate",3,"@","Merrimack",4,"","","10/21/2016","NC"
"20162017","(6) Denver",2,"@","Michigan State",1,"","","10/21/2016","NC"
"20162017","Maine",3,"@","Miami",3,"OT","","10/21/2016","NC"
"20162017","Penn State",3,"@","(3) Notre Dame",3,"OT","","10/21/2016","NC"
"20162017","Arizona State",2,"@","(17) Northeastern",5,"","","10/21/2016","NC"
"20162017","Clarkson",3,"@","(15) Providence",3,"OT","","10/21/2016","NC"
"20162017","Niagara",3,"@","Rensselaer",3,"OT","","10/21/2016","NC"
"20162017","RIT",2,"@","Union",5,"","","10/21/2016","NC"
"20162017","American International",2,"@","Connecticut",2,"OT","","10/21/2016","NC"
"20162017","Michigan Tech",3,"@","(11) Michigan",4,"","","10/21/2016","NC"
"20162017","Army West Point",2,"@","Massachusetts",3,"","","10/21/2016","NC"
"20162017","(12) St. Lawrence",2,"@","(5) Massachusetts-Lowell",5,"","","10/21/2016","NC"
"20162017","(14) St. Cloud State",6,"@","(7) Minnesota",5,"OT","","10/21/2016","NC"
"20162017","(18) Bemidji State",2,"@","(1) North Dakota",3,"","","10/21/2016","NC"
"20162017","Vermont",4,"@","(20) Omaha",4,"OT","","10/21/2016","NC"
"20162017","Ontario IT",1,"@","Cornell",3,"","","10/21/2016","EX"
"20162017","USA Under-18 Team",3,"@","Wisconsin",4,"","","10/21/2016","EX"
"20162017","Bentley",6,"@","Air Force",1,"","","10/22/2016","AH"
"20162017","Robert Morris",2,"@","Canisius",2,"OT","","10/22/2016","AH"
"20162017","Northern Michigan",2,"@","Ferris State",2,"OT","Ferris State Wins Shootout 1-0","10/22/2016","WC"
"20162017","(9) Minnesota State",2,"@","Alaska",4,"","","10/22/2016","WC"
"20162017","Lake Superior",5,"@","Alabama-Huntsville",2,"","","10/22/2016","WC"
"20162017","(4) Quinnipiac",0,"@","(8) Boston University",3,"","","10/22/2016","NC"
"20162017","(10) Boston College",6,"@","Holy Cross",1,"","","10/22/2016","NC"
"20162017","Colgate",2,"@","Merrimack",5,"","","10/22/2016","NC"
"20162017","(6) Denver",3,"@","Michigan State",1,"","","10/22/2016","NC"
"20162017","Maine",0,"@","Miami",5,"","","10/22/2016","NC"
"20162017","Penn State",3,"@","(3) Notre Dame",2,"OT","","10/22/2016","NC"
"20162017","Arizona State",1,"@","(17) Northeastern",6,"","","10/22/2016","NC"
"20162017","Bowling Green",1,"@","(19) Ohio State",6,"","","10/22/2016","NC"
"20162017","(12) St. Lawrence",3,"@","(15) Providence",6,"","","10/22/2016","NC"
"20162017","RIT",3,"@","Rensselaer",6,"","","10/22/2016","NC"
"20162017","(7) Minnesota",2,"@","(14) St. Cloud State",3,"","","10/22/2016","NC"
"20162017","Niagara",2,"@","Union",5,"","","10/22/2016","NC"
"20162017","Michigan Tech",3,"@","(11) Michigan",3,"OT","","10/22/2016","NC"
"20162017","Clarkson",4,"@","(5) Massachusetts-Lowell",3,"","","10/22/2016","NC"
"20162017","(18) Bemidji State",4,"@","(1) North Dakota",5,"","","10/22/2016","NC"
"20162017","Colorado College",4,"@","New Hampshire",3,"","","10/22/2016","NC"
"20162017","Vermont",5,"@","(20) Omaha",2,"","","10/22/2016","NC"
"20162017","Brock",1,"@","Cornell",8,"","","10/22/2016","EX"
"20162017","(13) Harvard",3,"@","Dartmouth",3,"","","10/22/2016","EX"
"20162017","USA Under-18 Team",2,"@","(2) Minnesota-Duluth",1,"","","10/22/2016","EX"
"20162017","Sacred Heart",6,"@","American International",3,"","","10/23/2016","AH"
"20162017","(8) Boston College",2,"@","Merrimack",2,"OT","","10/25/2016","HE"
"20162017","Massachusetts",2,"@","(6) Quinnipiac",3,"","","10/25/2016","NC"
"20162017","Connecticut",4,"@","(7) Notre Dame",2,"","","10/27/2016","HE"
"20162017","RIT",4,"@","Bentley",1,"","","10/28/2016","AH"
"20162017","American International",5,"@","Mercyhurst",3,"","","10/28/2016","AH"
"20162017","Army West Point",1,"@","Robert Morris",2,"","","10/28/2016","AH"
"20162017","Union",4,"@","Rensselaer",1,"","","10/28/2016","EC"
"20162017","(14) Providence",1,"@","(8) Boston College",3,"","","10/28/2016","HE"
"20162017","Connecticut",2,"@","(7) Notre Dame",6,"","","10/28/2016","HE"
"20162017","New Hampshire",4,"@","Massachusetts",1,"","","10/28/2016","HE"
"20162017","Western Michigan",1,"@","(3) Denver",3,"","","10/28/2016","NT"
"20162017","(1) North Dakota",2,"@","(2) Minnesota-Duluth",5,"","","10/28/2016","NT"
"20162017","Alaska-Anchorage",1,"@","(20) Bemidji State",2,"OT","","10/28/2016","WC"
"20162017","Alaska",2,"@","Lake Superior",3,"","","10/28/2016","WC"
"20162017","Ferris State",2,"@","(9) Minnesota State",4,"","","10/28/2016","WC"
"20162017","Northern Michigan",0,"@","Michigan Tech",2,"","","10/28/2016","WC"
"20162017","(13) Harvard",7,"@","Arizona State",0,"","","10/28/2016","NC"
"20162017","(12) Minnesota",4,"@","Clarkson",3,"OT","","10/28/2016","NC"
"20162017","Maine",2,"@","Colgate",2,"OT","","10/28/2016","NC"
"20162017","Brown",0,"@","Holy Cross",3,"","","10/28/2016","NC"
"20162017","Cornell",2,"@","Merrimack",3,"","","10/28/2016","NC"
"20162017","Princeton",2,"@","Michigan State",6,"","","10/28/2016","NC"
"20162017","Bowling Green",1,"@","Miami",2,"OT","","10/28/2016","NC"
"20162017","(15) Ohio State",10,"@","Niagara",2,"","","10/28/2016","NC"
"20162017","Canisius",1,"@","(19) Penn State",4,"","","10/28/2016","NC"
"20162017","Alabama-Huntsville",1,"@","(10) St. Cloud State",5,"","","10/28/2016","NC"
"20162017","Wisconsin",5,"@","(18) St. Lawrence",2,"","","10/28/2016","NC"
"20162017","(5) Massachusetts-Lowell",1,"@","Omaha",5,"","","10/28/2016","NC"
"20162017","(11) Michigan",0,"@","Vermont",3,"","","10/28/2016","NC"
"20162017","RIT",6,"@","Bentley",3,"","","10/29/2016","AH"
"20162017","American International",3,"@","Mercyhurst",6,"","","10/29/2016","AH"
"20162017","Army West Point",2,"@","Robert Morris",1,"","","10/29/2016","AH"
"20162017","Rensselaer",2,"@","Union",3,"OT","","10/29/2016","EC"
"20162017","(8) Boston College",7,"@","Massachusetts",4,"","","10/29/2016","HE"
"20162017","Merrimack",2,"@","New Hampshire",6,"","","10/29/2016","HE"
"20162017","Western Michigan",2,"@","(3) Denver",4,"","","10/29/2016","NT"
"20162017","(1) North Dakota",0,"@","(2) Minnesota-Duluth",3,"","","10/29/2016","NT"
"20162017","Alaska-Anchorage",0,"@","(20) Bemidji State",4,"","","10/29/2016","WC"
"20162017","Alaska",4,"@","Lake Superior",3,"OT","","10/29/2016","WC"
"20162017","Ferris State",4,"@","(9) Minnesota State",3,"","","10/29/2016","WC"
"20162017","Michigan Tech",5,"@","Northern Michigan",1,"","","10/29/2016","WC"
"20162017","(13) Harvard",6,"@","Arizona State",2,"","","10/29/2016","NC"
"20162017","Wisconsin",5,"@","Clarkson",4,"","","10/29/2016","NC"
"20162017","Maine",3,"@","Colgate",5,"","","10/29/2016","NC"
"20162017","(11) Michigan",2,"@","Dartmouth",3,"","","10/29/2016","NC"
"20162017","Bowling Green",4,"@","Miami",1,"","","10/29/2016","NC"
"20162017","(15) Ohio State",6,"@","Niagara",2,"","","10/29/2016","NC"
"20162017","Canisius",2,"@","(19) Penn State",4,"","","10/29/2016","NC"
"20162017","Alabama-Huntsville",2,"@","(10) St. Cloud State",5,"","","10/29/2016","NC"
"20162017","(12) Minnesota",2,"@","(18) St. Lawrence",2,"OT","","10/29/2016","NC"
"20162017","(5) Massachusetts-Lowell",4,"@","Omaha",2,"","","10/29/2016","NC"
"20162017","Sacred Heart",1,"@","(17) Yale",4,"","","10/29/2016","NC"
"20162017","Princeton",5,"@","USA Under-18 Team",4,"OT","","10/29/2016","EX"
"20162017","Vermont",3,"@","(16) Northeastern",2,"","","10/30/2016","HE"
"20162017","(14) Providence",6,"@","Brown",0,"","Mayor's Cup","10/30/2016","NC"
"20162017","(20) Union",4,"@","Holy Cross",6,"","","11/1/2016","NC"
"20162017","Holy Cross",2,"@","American International",4,"","","11/3/2016","AH"
"20162017","Niagara",1,"@","(14) Penn State",5,"","","11/3/2016","NC"
"20162017","Air Force",2,"@","Army West Point",4,"","","11/4/2016","AH"
"20162017","RIT",0,"@","Canisius",1,"","","11/4/2016","AH"
"20162017","American International",4,"@","Holy Cross",4,"OT","","11/4/2016","AH"
"20162017","(6) Quinnipiac",5,"@","Clarkson",3,"","","11/4/2016","EC"
"20162017","Cornell",1,"@","Dartmouth",1,"OT","","11/4/2016","EC"
"20162017","Colgate",1,"@","(12) Harvard",1,"OT","","11/4/2016","EC"
"20162017","Brown",1,"@","Rensselaer",3,"","","11/4/2016","EC"
"20162017","Princeton",0,"@","St. Lawrence",4,"","","11/4/2016","EC"
"20162017","(16) Yale",3,"@","(20) Union",5,"","","11/4/2016","EC"
"20162017","(5) Boston College",6,"@","Maine",1,"","","11/4/2016","HE"
"20162017","(4) Boston University",4,"@","Northeastern",4,"OT","","11/4/2016","HE"
"20162017","Connecticut",2,"@","Massachusetts",2,"OT","","11/4/2016","HE"
"20162017","(19) Vermont",1,"@","(7) Massachusetts-Lowell",3,"","","11/4/2016","HE"
"20162017","(1) Minnesota-Duluth",5,"@","(8) St. Cloud State",3,"","","11/4/2016","NT"
"20162017","Colorado College",2,"@","Omaha",1,"","","11/4/2016","NT"
"20162017","Miami",3,"@","Western Michigan",6,"","","11/4/2016","NT"
"20162017","Ferris State",1,"@","Bowling Green",4,"","","11/4/2016","WC"
"20162017","(10) Minnesota State",1,"@","Lake Superior",5,"","","11/4/2016","WC"
"20162017","Alabama-Huntsville",5,"@","Alaska-Anchorage",2,"","","11/4/2016","WC"
"20162017","(18) Bemidji State",6,"@","Alaska",2,"","","11/4/2016","WC"
"20162017","(17) Michigan",4,"@","Arizona State",1,"","","11/4/2016","NC"
"20162017","Mercyhurst",1,"@","Merrimack",5,"","","11/4/2016","NC"
"20162017","Michigan Tech",2,"@","Michigan State",3,"OT","","11/4/2016","NC"
"20162017","Robert Morris",6,"@","(11) Ohio State",2,"","","11/4/2016","NC"
"20162017","Niagara",1,"@","(14) Penn State",5,"","","11/4/2016","NC"
"20162017","(3) North Dakota",5,"@","(13) Minnesota",5,"OT","","11/4/2016","NC"
"20162017","Sacred Heart",2,"@","New Hampshire",2,"OT","","11/4/2016","NC"
"20162017","Northern Michigan",5,"@","Wisconsin",2,"","","11/4/2016","NC"
"20162017","Air Force",3,"@","Army West Point",1,"","","11/5/2016","AH"
"20162017","Canisius",2,"@","RIT",1,"","","11/5/2016","AH"
"20162017","Princeton",2,"@","Clarkson",4,"","","11/5/2016","EC"
"20162017","Colgate",0,"@","Dartmouth",2,"","","11/5/2016","EC"
"20162017","Cornell",3,"@","(12) Harvard",4,"","","11/5/2016","EC"
"20162017","(16) Yale",3,"@","Rensselaer",2,"OT","","11/5/2016","EC"
"20162017","(6) Quinnipiac",0,"@","St. Lawrence",2,"","","11/5/2016","EC"
"20162017","Brown",4,"@","(20) Union",6,"","","11/5/2016","EC"
"20162017","Northeastern",0,"@","(4) Boston University",3,"","","11/5/2016","HE"
"20162017","(5) Boston College",3,"@","Maine",2,"","","11/5/2016","HE"
"20162017","Merrimack",2,"@","(15) Providence",2,"OT","","11/5/2016","HE"
"20162017","(19) Vermont",2,"@","(7) Massachusetts-Lowell",4,"","","11/5/2016","HE"
"20162017","(1) Minnesota-Duluth",5,"@","(8) St. Cloud State",3,"","","11/5/2016","NT"
"20162017","Colorado College",4,"@","Omaha",6,"","","11/5/2016","NT"
"20162017","Miami",2,"@","Western Michigan",5,"","","11/5/2016","NT"
"20162017","Ferris State",3,"@","Bowling Green",1,"","","11/5/2016","WC"
"20162017","(10) Minnesota State",2,"@","Lake Superior",1,"","","11/5/2016","WC"
"20162017","Alabama-Huntsville",3,"@","Alaska-Anchorage",2,"OT","","11/5/2016","WC"
"20162017","(18) Bemidji State",3,"@","Alaska",1,"","","11/5/2016","WC"
"20162017","Michigan Tech",5,"@","Michigan State",1,"","","11/5/2016","NC"
"20162017","(11) Ohio State",4,"@","Robert Morris",4,"OT","","11/5/2016","NC"
"20162017","(3) North Dakota",0,"@","(13) Minnesota",2,"","","11/5/2016","NC"
"20162017","Mercyhurst",0,"@","New Hampshire",3,"","","11/5/2016","NC"
"20162017","Northern Michigan",0,"@","Wisconsin",2,"","","11/5/2016","NC"
"20162017","Bentley",2,"@","American International",2,"OT","","11/8/2016","AH"
"20162017","New Hampshire",3,"@","(3) Boston College",5,"","","11/8/2016","HE"
"20162017","Bentley",1,"@","American International",1,"OT","","11/10/2016","AH"
"20162017","Ferris State",4,"@","Michigan State",1,"","","11/10/2016","NC"
"20162017","RIT",3,"@","Air Force",4,"","","11/11/2016","AH"
"20162017","Canisius",0,"@","Army West Point",3,"","","11/11/2016","AH"
"20162017","Holy Cross",3,"@","Mercyhurst",2,"","","11/11/2016","AH"
"20162017","Cornell",4,"@","Brown",2,"","","11/11/2016","EC"
"20162017","(10) Harvard",5,"@","Princeton",2,"","","11/11/2016","EC"
"20162017","Dartmouth",3,"@","(7) Quinnipiac",6,"","","11/11/2016","EC"
"20162017","Clarkson",5,"@","Rensselaer",2,"","","11/11/2016","EC"
"20162017","St. Lawrence",2,"@","(16) Union",2,"OT","","11/11/2016","EC"
"20162017","Colgate",4,"@","(19) Yale",1,"","","11/11/2016","EC"
"20162017","Massachusetts",3,"@","Merrimack",1,"","","11/11/2016","HE"
"20162017","(5) Massachusetts-Lowell",2,"@","Maine",5,"","","11/11/2016","HE"
"20162017","(13) St. Cloud State",7,"@","Colorado College",3,"","","11/11/2016","NT"
"20162017","Omaha",6,"@","Miami",4,"","","11/11/2016","NT"
"20162017","Western Michigan",4,"@","(1) Minnesota-Duluth",3,"","","11/11/2016","NT"
"20162017","(2) Denver",1,"@","(6) North Dakota",1,"OT","North Dakota scores in 3x3 OT","11/11/2016","NT"
"20162017","(15) Bemidji State",1,"@","(11) Minnesota State",1,"OT","","11/11/2016","WC"
"20162017","(20) Lake Superior",1,"@","Michigan Tech",6,"","","11/11/2016","WC"
"20162017","Bowling Green",5,"@","Northern Michigan",1,"","","11/11/2016","WC"
"20162017","Alaska",3,"@","Alabama-Huntsville",3,"OT","","11/11/2016","WC"
"20162017","Connecticut",4,"@","(14) Ohio State",7,"","","11/11/2016","NC"
"20162017","Alaska-Anchorage",3,"@","(12) Penn State",6,"","","11/11/2016","NC"
"20162017","(4) Boston University",0,"@","(18) Michigan",4,"","","11/11/2016","NC"
"20162017","RIT",3,"@","Air Force",4,"","","11/12/2016","AH"
"20162017","Canisius",2,"@","Army West Point",5,"","","11/12/2016","AH"
"20162017","Holy Cross",2,"@","Mercyhurst",4,"","","11/12/2016","AH"
"20162017","Robert Morris",4,"@","Sacred Heart",1,"","","11/12/2016","AH"
"20162017","Colgate",2,"@","Brown",4,"","","11/12/2016","EC"
"20162017","Dartmouth",2,"@","Princeton",2,"OT","","11/12/2016","EC"
"20162017","(10) Harvard",2,"@","(7) Quinnipiac",4,"","","11/12/2016","EC"
"20162017","St. Lawrence",3,"@","Rensselaer",1,"","","11/12/2016","EC"
"20162017","Clarkson",3,"@","(16) Union",1,"","","11/12/2016","EC"
"20162017","Cornell",6,"@","(19) Yale",3,"","","11/12/2016","EC"
"20162017","(9) Notre Dame",5,"@","Northeastern",2,"","","11/12/2016","HE"
"20162017","Vermont",2,"@","Massachusetts",1,"","","11/12/2016","HE"
"20162017","(13) St. Cloud State",4,"@","Colorado College",1,"","","11/12/2016","NT"
"20162017","Omaha",6,"@","Miami",2,"","","11/12/2016","NT"
"20162017","Western Michigan",0,"@","(1) Minnesota-Duluth",2,"","","11/12/2016","NT"
"20162017","(2) Denver",3,"@","(6) North Dakota",2,"","","11/12/2016","NT"
"20162017","(15) Bemidji State",2,"@","(11) Minnesota State",1,"OT","","11/12/2016","WC"
"20162017","(20) Lake Superior",2,"@","Michigan Tech",4,"","","11/12/2016","WC"
"20162017","Bowling Green",5,"@","Northern Michigan",3,"","","11/12/2016","WC"
"20162017","Alaska",3,"@","Alabama-Huntsville",1,"","","11/12/2016","WC"
"20162017","Michigan State",4,"@","Ferris State",3,"","","11/12/2016","NC"
"20162017","Connecticut",3,"@","(14) Ohio State",3,"OT","","11/12/2016","NC"
"20162017","Alaska-Anchorage",1,"@","(12) Penn State",3,"","","11/12/2016","NC"
"20162017","(4) Boston University",4,"@","(18) Michigan",2,"","","11/12/2016","NC"
"20162017","Arizona State",5,"@","New Hampshire",4,"OT","","11/12/2016","NC"
"20162017","Robert Morris",4,"@","Sacred Heart",1,"","","11/13/2016","AH"
"20162017","(9) Notre Dame",0,"@","Northeastern",0,"","","11/13/2016","HE"
"20162017","Maine",1,"@","(5) Massachusetts-Lowell",4,"","","11/13/2016","HE"
"20162017","Merrimack",3,"@","New Hampshire",3,"OT","","11/13/2016","HE"
"20162017","Arizona State",1,"@","(3) Boston College",3,"","","11/13/2016","NC"
"20162017","Mercyhurst",4,"@","Niagara",5,"","","11/15/2016","AH"
"20162017","Dartmouth",2,"@","Vermont",5,"","","11/15/2016","NC"
"20162017","(6) Massachusetts-Lowell",4,"@","(9) Notre Dame",1,"","","11/17/2016","HE"
"20162017","Mercyhurst",2,"@","Bentley",1,"","","11/18/2016","AH"
"20162017","American International",0,"@","Canisius",4,"","","11/18/2016","AH"
"20162017","Army West Point",2,"@","RIT",6,"","","11/18/2016","AH"
"20162017","Niagara",3,"@","Sacred Heart",4,"","","11/18/2016","AH"
"20162017","Brown",2,"@","Clarkson",3,"","","11/18/2016","EC"
"20162017","Princeton",3,"@","Colgate",4,"","","11/18/2016","EC"
"20162017","(4) Quinnipiac",3,"@","Cornell",1,"","","11/18/2016","EC"
"20162017","Yale",2,"@","(20) St. Lawrence",5,"","","11/18/2016","EC"
"20162017","(6) Massachusetts-Lowell",1,"@","(9) Notre Dame",4,"","","11/18/2016","HE"
"20162017","(19) Providence",4,"@","Northeastern",5,"","","11/18/2016","HE"
"20162017","(5) Boston University",2,"@","Connecticut",1,"","","11/18/2016","HE"
"20162017","Massachusetts",2,"@","New Hampshire",6,"","","11/18/2016","HE"
"20162017","Maine",2,"@","Vermont",6,"","","11/18/2016","HE"
"20162017","Miami",1,"@","(1) Denver",1,"OT","Denver wins shootout, 1-0","11/18/2016","NT"
"20162017","(8) North Dakota",4,"@","(12) St. Cloud State",0,"","","11/18/2016","NT"
"20162017","(2) Minnesota-Duluth",6,"@","Omaha",4,"","","11/18/2016","NT"
"20162017","Northern Michigan",1,"@","(13) Bemidji State",2,"","","11/18/2016","WC"
"20162017","Lake Superior",0,"@","Ferris State",3,"","","11/18/2016","WC"
"20162017","Michigan Tech",3,"@","Alaska-Anchorage",2,"","","11/18/2016","WC"
"20162017","Bowling Green",4,"@","Alabama-Huntsville",1,"","","11/18/2016","WC"
"20162017","(3) Boston College",2,"@","(11) Harvard",5,"","","11/18/2016","NC"
"20162017","(7) Minnesota",1,"@","(15) Minnesota State",4,"","","11/18/2016","NC"
"20162017","Arizona State",4,"@","(10) Penn State",7,"","","11/18/2016","NC"
"20162017","(14) Ohio State",4,"@","Rensselaer",0,"","","11/18/2016","NC"
"20162017","Merrimack",2,"@","Wisconsin",3,"","","11/18/2016","NC"
"20162017","Air Force",5,"@","(18) Western Michigan",5,"OT","","11/18/2016","NC"
"20162017","USA Under-18 Team",3,"@","(16) Michigan",6,"","","11/18/2016","EX"
"20162017","Mercyhurst",1,"@","Bentley",2,"","","11/19/2016","AH"
"20162017","American International",1,"@","Canisius",1,"OT","","11/19/2016","AH"
"20162017","Army West Point",1,"@","RIT",2,"OT","","11/19/2016","AH"
"20162017","Niagara",4,"@","Sacred Heart",0,"","","11/19/2016","AH"
"20162017","Yale",3,"@","Clarkson",3,"OT","","11/19/2016","EC"
"20162017","(4) Quinnipiac",7,"@","Colgate",3,"","","11/19/2016","EC"
"20162017","Princeton",2,"@","Cornell",4,"","","11/19/2016","EC"
"20162017","Brown",2,"@","(20) St. Lawrence",7,"","","11/19/2016","EC"
"20162017","Connecticut",4,"@","(5) Boston University",0,"","","11/19/2016","HE"
"20162017","Northeastern",4,"@","(19) Providence",5,"","","11/19/2016","HE"
"20162017","Maine",2,"@","Vermont",2,"OT","","11/19/2016","HE"
"20162017","Miami",2,"@","(1) Denver",2,"OT","Denver wins shootout, 1-0 (4 rounds)","11/19/2016","NT"
"20162017","(8) North Dakota",3,"@","(12) St. Cloud State",0,"","","11/19/2016","NT"
"20162017","(2) Minnesota-Duluth",3,"@","Omaha",2,"","","11/19/2016","NT"
"20162017","Northern Michigan",2,"@","(13) Bemidji State",5,"","","11/19/2016","WC"
"20162017","Lake Superior",5,"@","Ferris State",7,"","","11/19/2016","WC"
"20162017","Michigan Tech",1,"@","Alaska-Anchorage",1,"OT","","11/19/2016","WC"
"20162017","Bowling Green",8,"@","Alabama-Huntsville",3,"","","11/19/2016","WC"
"20162017","Arizona State",0,"@","(10) Penn State",8,"","","11/19/2016","NC"
"20162017","(14) Ohio State",3,"@","Rensselaer",2,"","","11/19/2016","NC"
"20162017","(15) Minnesota State",0,"@","(7) Minnesota",1,"","","11/19/2016","NC"
"20162017","Merrimack",2,"@","Wisconsin",0,"","","11/19/2016","NC"
"20162017","Air Force",1,"@","(18) Western Michigan",4,"","","11/19/2016","NC"
"20162017","Sacred Heart",7,"@","American International",3,"","","11/22/2016","AH"
"20162017","(4) Boston College",5,"@","Connecticut",2,"","","11/22/2016","HE"
"20162017","(9) Harvard",3,"@","(7) Boston University",5,"","","11/22/2016","NC"
"20162017","Rensselaer",0,"@","New Hampshire",5,"","","11/22/2016","NC"
"20162017","RIT",4,"@","Mercyhurst",3,"","","11/23/2016","AH"
"20162017","Niagara",0,"@","American International",0,"OT","","11/25/2016","AH"
"20162017","Mercyhurst",5,"@","Canisius",1,"","","11/25/2016","AH"
"20162017","(19) St. Lawrence",0,"vs.","(3) Quinnipiac",0,"OT","Friendship Four","11/25/2016","EC"
"20162017","Providence",2,"@","Merrimack",5,"","","11/25/2016","HE"
"20162017","Massachusetts",2,"vs.","(20) Vermont",4,"","Friendship Four","11/25/2016","HE"
"20162017","Alaska-Anchorage",3,"@","Bowling Green",3,"OT","","11/25/2016","WC"
"20162017","Michigan Tech",4,"@","Alaska",1,"","","11/25/2016","WC"
"20162017","(2) Denver",4,"@","Air Force",3,"OT","","11/25/2016","NC"
"20162017","Rensselaer",3,"@","Arizona State",5,"","","11/25/2016","NC"
"20162017","Princeton",4,"@","(10) Bemidji State",1,"","","11/25/2016","NC"
"20162017","Wisconsin",2,"@","Colorado College",1,"","","11/25/2016","NC"
"20162017","Omaha",2,"@","Northern Michigan",2,"OT","","11/25/2016","NC"
"20162017","(11) Minnesota",4,"@","Northeastern",6,"","","11/25/2016","NC"
"20162017","Lake Superior",3,"@","(16) Michigan",1,"","","11/25/2016","NC"
"20162017","Michigan State",4,"@","(5) North Dakota",3,"","","11/25/2016","NC"
"20162017","Yale",2,"vs.","Clarkson",2,"OT","Shillelagh Tournament","11/25/2016","NC"
"20162017","Holy Cross",3,"@","(12) Notre Dame",5,"","Shillelagh Tournament","11/25/2016","NC"
"20162017","Niagara",1,"@","American International",3,"","","11/26/2016","AH"
"20162017","Alaska-Anchorage",0,"@","Bowling Green",3,"","","11/26/2016","WC"
"20162017","Michigan Tech",2,"@","Alaska",1,"","","11/26/2016","WC"
"20162017","Rensselaer",2,"@","Arizona State",0,"","","11/26/2016","NC"
"20162017","Princeton",3,"@","(10) Bemidji State",1,"","","11/26/2016","NC"
"20162017","Air Force",6,"@","Colorado College",3,"","","11/26/2016","NC"
"20162017","New Hampshire",1,"vs.","Cornell",3,"","","11/26/2016","NC"
"20162017","Wisconsin",5,"@","(2) Denver",6,"","","11/26/2016","NC"
"20162017","Bentley",2,"@","(9) Harvard",5,"","","11/26/2016","NC"
"20162017","Brown",1,"@","Maine",5,"","","11/26/2016","NC"
"20162017","Omaha",2,"@","Northern Michigan",0,"","","11/26/2016","NC"
"20162017","Colgate",2,"@","Providence",3,"","","11/26/2016","NC"
"20162017","(20) Vermont",5,"vs.","(3) Quinnipiac",1,"","","11/26/2016","NC"
"20162017","Dartmouth",0,"@","Robert Morris",3,"","","11/26/2016","NC"
"20162017","Massachusetts",2,"vs.","(19) St. Lawrence",2,"OT","","11/26/2016","NC"
"20162017","Sacred Heart",4,"@","Connecticut",2,"","","11/26/2016","NC"
"20162017","Lake Superior",1,"@","(16) Michigan",4,"","","11/26/2016","NC"
"20162017","Michigan State",2,"@","(5) North Dakota",2,"OT","","11/26/2016","NC"
"20162017","Clarkson",2,"@","(12) Notre Dame",0,"","Shillelagh Tournament","11/26/2016","NC"
"20162017","Holy Cross",1,"vs.","Yale",3,"","Shillelagh Tournament","11/26/2016","NC"
"20162017","(11) Minnesota",4,"@","(4) Boston College",2,"","","11/27/2016","NC"
"20162017","Dartmouth",5,"@","Robert Morris",2,"","","11/27/2016","NC"
"20162017","Cornell",3,"@","Colgate",2,"","","11/29/2016","EC"
"20162017","(3) Boston College",2,"@","Northeastern",1,"","","11/29/2016","HE"
"20162017","(20) Michigan",1,"@","(7) Penn State",6,"","","12/1/2016","B10"
"20162017","American International",0,"@","Army West Point",1,"","","12/2/2016","AH"
"20162017","Bentley",3,"@","Canisius",4,"","","12/2/2016","AH"
"20162017","Air Force",2,"@","Holy Cross",2,"OT","","12/2/2016","AH"
"20162017","RIT",7,"@","Niagara",1,"","","12/2/2016","AH"
"20162017","Sacred Heart",2,"@","Robert Morris",4,"","","12/2/2016","AH"
"20162017","(20) Michigan",1,"@","(7) Penn State",5,"","","12/2/2016","B10"
"20162017","(10) Ohio State",3,"@","(11) Minnesota",5,"","","12/2/2016","B10"
"20162017","Dartmouth",2,"@","Clarkson",4,"","","12/2/2016","EC"
"20162017","(18) Union",7,"@","Princeton",3,"","","12/2/2016","EC"
"20162017","Rensselaer",1,"@","(5) Quinnipiac",4,"","","12/2/2016","EC"
"20162017","(8) Harvard",4,"@","(19) St. Lawrence",2,"","","12/2/2016","EC"
"20162017","(6) Boston University",2,"@","Providence",1,"","","12/2/2016","HE"
"20162017","(12) Notre Dame",4,"@","Massachusetts",5,"","","12/2/2016","HE"
"20162017","Connecticut",3,"@","(4) Massachusetts-Lowell",2,"","","12/2/2016","HE"
"20162017","Maine",1,"@","New Hampshire",5,"","","12/2/2016","HE"
"20162017","(2) Denver",3,"@","Colorado College",1,"","","12/2/2016","NT"
"20162017","(17) St. Cloud State",3,"@","(16) Western Michigan",0,"","","12/2/2016","NT"
"20162017","Bowling Green",2,"@","Lake Superior",4,"","","12/2/2016","WC"
"20162017","Alaska",3,"@","(15) Minnesota State",7,"","","12/2/2016","WC"
"20162017","(13) Bemidji State",3,"@","Michigan Tech",1,"","","12/2/2016","WC"
"20162017","Northern Michigan",3,"@","Alaska-Anchorage",5,"","","12/2/2016","WC"
"20162017","Colgate",4,"@","Arizona State",5,"","","12/2/2016","NC"
"20162017","Miami",3,"@","Cornell",4,"","","12/2/2016","NC"
"20162017","Omaha",3,"@","Wisconsin",3,"OT","","12/2/2016","NC"
"20162017","Bentley",3,"@","Canisius",3,"OT","","12/3/2016","AH"
"20162017","Air Force",2,"@","Holy Cross",3,"","","12/3/2016","AH"
"20162017","RIT",6,"@","Niagara",2,"","","12/3/2016","AH"
"20162017","Sacred Heart",1,"@","Robert Morris",2,"","","12/3/2016","AH"
"20162017","(10) Ohio State",8,"@","(11) Minnesota",3,"","","12/3/2016","B10"
"20162017","(8) Harvard",7,"@","Clarkson",3,"","","12/3/2016","EC"
"20162017","Rensselaer",5,"@","Princeton",6,"OT","","12/3/2016","EC"
"20162017","(18) Union",5,"@","(5) Quinnipiac",2,"","","12/3/2016","EC"
"20162017","Dartmouth",1,"@","(19) St. Lawrence",5,"","","12/3/2016","EC"
"20162017","Providence",2,"@","(6) Boston University",2,"OT","","12/3/2016","HE"
"20162017","New Hampshire",4,"@","Maine",3,"","","12/3/2016","HE"
"20162017","(4) Massachusetts-Lowell",2,"@","Connecticut",2,"OT","","12/3/2016","HE"
"20162017","(12) Notre Dame",3,"@","Massachusetts",0,"","","12/3/2016","HE"
"20162017","Colorado College",1,"@","(2) Denver",3,"","","12/3/2016","NT"
"20162017","(17) St. Cloud State",5,"@","(16) Western Michigan",5,"OT","Western Michigan wins shootout, 1-0","12/3/2016","NT"
"20162017","Bowling Green",5,"@","Lake Superior",2,"","","12/3/2016","WC"
"20162017","Alaska",5,"@","(15) Minnesota State",5,"OT","","12/3/2016","WC"
"20162017","(13) Bemidji State",1,"@","Michigan Tech",2,"","","12/3/2016","WC"
"20162017","Northern Michigan",4,"@","Alaska-Anchorage",1,"","","12/3/2016","WC"
"20162017","Ferris State",3,"@","Alabama-Huntsville",5,"","","12/3/2016","WC"
"20162017","Brown",3,"@","Army West Point",1,"","","12/3/2016","NC"
"20162017","Colgate",3,"@","Arizona State",2,"","","12/3/2016","NC"
"20162017","Miami",1,"@","Cornell",2,"","","12/3/2016","NC"
"20162017","(3) Boston College",3,"vs.","(9) North Dakota",4,"","","12/3/2016","NC"
"20162017","Omaha",7,"@","Wisconsin",4,"","","12/3/2016","NC"
"20162017","Ferris State",3,"@","Alabama-Huntsville",1,"","","12/4/2016","WC"
"20162017","USA Under-18 Team",1,"@","Michigan State",5,"","","12/4/2016","EX"
"20162017","Northeastern",3,"@","(4) Boston College",5,"","","12/6/2016","HE"
"20162017","Niagara",1,"@","Air Force",2,"","","12/9/2016","AH"
"20162017","Holy Cross",2,"@","Army West Point",4,"","","12/9/2016","AH"
"20162017","Robert Morris",3,"@","Bentley",4,"","","12/9/2016","AH"
"20162017","Mercyhurst",5,"@","Sacred Heart",3,"","","12/9/2016","AH"
"20162017","(11) Minnesota",4,"@","Michigan State",2,"","","12/9/2016","B10"
"20162017","Wisconsin",7,"@","Michigan",4,"","","12/9/2016","B10"
"20162017","(15) Union",3,"@","Brown",1,"","","12/9/2016","EC"
"20162017","(7) Quinnipiac",3,"@","Princeton",5,"","","12/9/2016","EC"
"20162017","Clarkson",1,"@","(19) St. Lawrence",3,"","","12/9/2016","EC"
"20162017","Rensselaer",3,"@","Yale",7,"","","12/9/2016","EC"
"20162017","Massachusetts",1,"@","Connecticut",3,"","","12/9/2016","HE"
"20162017","Merrimack",1,"@","(9) Massachusetts-Lowell",4,"","","12/9/2016","HE"
"20162017","(5) Boston University",2,"@","(12) Vermont",4,"","","12/9/2016","HE"
"20162017","(1) Minnesota-Duluth",3,"@","(2) Denver",4,"","","12/9/2016","NT"
"20162017","Colorado College",1,"@","Miami",1,"OT","Miami wins shootout, 1-0","12/9/2016","NT"
"20162017","(20) Omaha",3,"@","(17) St. Cloud State",1,"","","12/9/2016","NT"
"20162017","(18) Western Michigan",1,"@","(8) North Dakota",5,"","","12/9/2016","NT"
"20162017","Michigan Tech",3,"@","Bowling Green",1,"","","12/9/2016","WC"
"20162017","Lake Superior",1,"@","(13) Bemidji State",1,"OT","","12/9/2016","WC"
"20162017","(16) Minnesota State",0,"@","Ferris State",3,"","","12/9/2016","WC"
"20162017","Alabama-Huntsville",4,"@","Northern Michigan",1,"","","12/9/2016","WC"
"20162017","Alaska-Anchorage",3,"@","Alaska",2,"","Governor's Cup","12/9/2016","WC"
"20162017","American International",3,"@","Maine",5,"","","12/9/2016","NC"
"20162017","Providence",5,"@","RIT",1,"","","12/9/2016","NC"
"20162017","Niagara",0,"@","Air Force",4,"","","12/10/2016","AH"
"20162017","Robert Morris",4,"@","Bentley",1,"","","12/10/2016","AH"
"20162017","Army West Point",8,"@","Holy Cross",1,"","","12/10/2016","AH"
"20162017","Mercyhurst",2,"@","Sacred Heart",3,"","","12/10/2016","AH"
"20162017","(11) Minnesota",4,"@","Michigan State",2,"","","12/10/2016","B10"
"20162017","Wisconsin",1,"@","Michigan",4,"","","12/10/2016","B10"
"20162017","Rensselaer",3,"@","Brown",6,"","","12/10/2016","EC"
"20162017","Princeton",4,"@","(7) Quinnipiac",1,"","","12/10/2016","EC"
"20162017","(15) Union",5,"@","Yale",3,"","","12/10/2016","EC"
"20162017","(9) Massachusetts-Lowell",5,"@","Merrimack",1,"","","12/10/2016","HE"
"20162017","(4) Boston College",2,"@","(14) Notre Dame",3,"","","12/10/2016","HE"
"20162017","(5) Boston University",4,"@","(12) Vermont",0,"","","12/10/2016","HE"
"20162017","(1) Minnesota-Duluth",3,"@","(2) Denver",1,"","","12/10/2016","NT"
"20162017","Colorado College",2,"@","Miami",3,"OT","","12/10/2016","NT"
"20162017","(20) Omaha",2,"@","(17) St. Cloud State",4,"","","12/10/2016","NT"
"20162017","(18) Western Michigan",3,"@","(8) North Dakota",1,"","","12/10/2016","NT"
"20162017","Michigan Tech",2,"@","Bowling Green",1,"","","12/10/2016","WC"
"20162017","Lake Superior",2,"@","(13) Bemidji State",3,"","","12/10/2016","WC"
"20162017","(16) Minnesota State",3,"@","Ferris State",2,"","","12/10/2016","WC"
"20162017","Alabama-Huntsville",3,"@","Northern Michigan",1,"","","12/10/2016","WC"
"20162017","Alaska-Anchorage",1,"@","Alaska",3,"","Governor's Cup","12/10/2016","WC"
"20162017","New Hampshire",1,"@","Dartmouth",5,"","","12/10/2016","NC"
"20162017","American International",2,"@","Maine",7,"","","12/10/2016","NC"
"20162017","Providence",3,"@","RIT",1,"","","12/10/2016","NC"
"20162017","Arizona State",3,"@","American International",2,"","","12/13/2016","NC"
"20162017","Yale",2,"@","(6) Boston University",5,"","","12/13/2016","NC"
"20162017","Massachusetts",3,"@","Princeton",4,"","","12/13/2016","NC"
"20162017","Bowling Green",2,"@","Alaska",3,"","","12/16/2016","WC"
"20162017","(19) Minnesota State",1,"@","Princeton",6,"","","12/16/2016","NC"
"20162017","Arizona State",4,"@","Massachusetts",1,"","","12/16/2016","NC"
"20162017","(15) Bemidji State",1,"@","(1) Minnesota-Duluth",1,"OT","","12/16/2016","NC"
"20162017","Mercyhurst",4,"@","Robert Morris",3,"OT","","12/17/2016","AH"
"20162017","Bowling Green",6,"@","Alaska",3,"","","12/17/2016","WC"
"20162017","(1) Minnesota-Duluth",2,"@","(15) Bemidji State",1,"","","12/17/2016","NC"
"20162017","(19) Minnesota State",5,"@","Princeton",4,"","","12/17/2016","NC"
"20162017","Arizona State",4,"@","Massachusetts",1,"","","12/17/2016","NC"
"20162017","(13) Union",7,"@","(11) Vermont",3,"","","12/17/2016","NC"
"20162017","Robert Morris",2,"@","Mercyhurst",2,"OT","","12/18/2016","AH"
"20162017","Northeastern",6,"@","Michigan State",2,"","","12/18/2016","NC"
"20162017","(13) Union",2,"@","(11) Vermont",1,"","","12/18/2016","NC"
"20162017","USA National University Team",1,"@","Holy Cross",10,"","","12/27/2016","EX"
"20162017","Northern Michigan",2,"vs.","Cornell",5,"","Florida College Classic","12/28/2016","NC"
"20162017","Colorado College",3,"vs.","Merrimack",0,"","Florida College Classic","12/28/2016","NC"
"20162017","Ottawa",1,"@","Yale",7,"","","12/28/2016","EX"
"20162017","Colorado College",2,"vs.","Cornell",1,"OT","Florida College Classic","12/29/2016","NC"
"20162017","Northern Michigan",2,"vs.","Merrimack",4,"","Florida College Classic","12/29/2016","NC"
"20162017","(16) Western Michigan",4,"vs.","Michigan State",1,"","Great Lakes Invitational","12/29/2016","NC"
"20162017","Michigan",0,"vs.","Michigan Tech",2,"","Great Lakes Invitational","12/29/2016","NC"
"20162017","(6) Boston College",1,"vs.","(14) Quinnipiac",3,"","Three Rivers Classic","12/29/2016","NC"
"20162017","Ferris State",0,"vs.","Robert Morris",1,"","Three Rivers Classic","12/29/2016","NC"
"20162017","Canisius",3,"@","Holy Cross",0,"","","12/30/2016","AH"
"20162017","Air Force",3,"@","Sacred Heart",1,"","","12/30/2016","AH"
"20162017","Rensselaer",1,"@","(4) Harvard",5,"","","12/30/2016","EC"
"20162017","(15) Bemidji State",1,"@","Alaska-Anchorage",4,"","","12/30/2016","WC"
"20162017","RIT",0,"@","Bowling Green",3,"","","12/30/2016","NC"
"20162017","Clarkson",2,"@","Northeastern",8,"","","12/30/2016","NC"
"20162017","(2) Denver",2,"@","Providence",2,"OT","","12/30/2016","NC"
"20162017","Maine",4,"@","New Hampshire",6,"","","12/30/2016","NC"
"20162017","Lake Superior",1,"@","(20) Omaha",4,"","","12/30/2016","NC"
"20162017","Bentley",1,"@","(13) Vermont",7,"","","12/30/2016","NC"
"20162017","Alabama-Huntsville",1,"vs.","Massachusetts",2,"OT","Mariucci Classic","12/30/2016","NC"
"20162017","Mercyhurst",1,"@","(11) Minnesota",5,"","Mariucci Classic","12/30/2016","NC"
"20162017","Michigan",5,"vs.","Michigan State",4,"OT","Great Lakes Invitational","12/30/2016","NC"
"20162017","(16) Western Michigan",1,"vs.","Michigan Tech",0,"OT","Great Lakes Invitational","12/30/2016","NC"
"20162017","Army West Point",2,"@","Dartmouth",2,"OT","Ledyard Bank Classic","12/30/2016","NC"
"20162017","Colgate",2,"vs.","(7) Massachusetts-Lowell",3,"","Ledyard Bank Classic","12/30/2016","NC"
"20162017","(6) Boston College",1,"vs.","Ferris State",1,"OT","Three Rivers Classic","12/30/2016","NC"
"20162017","(14) Quinnipiac",2,"vs.","Robert Morris",5,"","Three Rivers Classic","12/30/2016","NC"
"20162017","Brown",8,"@","Arizona State",8,"OT","Desert Hockey Classic","12/30/2016","NC"
"20162017","(18) St. Cloud State",3,"vs.","Connecticut",4,"","Desert Hockey Classic","12/30/2016","NC"
"20162017","Canisius",0,"@","Holy Cross",3,"","","12/31/2016","AH"
"20162017","Air Force",3,"@","Sacred Heart",2,"","","12/31/2016","AH"
"20162017","(15) Bemidji State",1,"@","Alaska-Anchorage",0,"","","12/31/2016","WC"
"20162017","Alaska",0,"@","(12) Notre Dame",5,"","","12/31/2016","NC"
"20162017","Miami",6,"@","(9) Ohio State",3,"","","12/31/2016","NC"
"20162017","(2) Denver",1,"@","Providence",3,"","","12/31/2016","NC"
"20162017","(8) North Dakota",3,"@","(10) Union",1,"","","12/31/2016","NC"
"20162017","Lake Superior",3,"@","(20) Omaha",5,"","","12/31/2016","NC"
"20162017","Bentley",1,"@","(13) Vermont",3,"","","12/31/2016","NC"
"20162017","Alabama-Huntsville",2,"vs.","Mercyhurst",3,"OT","Mariucci Classic","12/31/2016","NC"
"20162017","Massachusetts",1,"@","(11) Minnesota",4,"","Mariucci Classic","12/31/2016","NC"
"20162017","Colgate",1,"vs.","Army West Point",4,"","Ledyard Bank Classic","12/31/2016","NC"
"20162017","(7) Massachusetts-Lowell",7,"@","Dartmouth",4,"","Ledyard Bank Classic","12/31/2016","NC"
"20162017","(18) St. Cloud State",4,"@","Arizona State",2,"","Desert Hockey Classic","12/31/2016","NC"
"20162017","Brown",1,"vs.","Connecticut",4,"","Desert Hockey Classic","12/31/2016","NC"
"20162017","Alaska",0,"@","(12) Notre Dame",4,"","","1/1/2017","NC"
"20162017","(6) Massachusetts-Lowell",5,"@","Rensselaer",1,"","","1/3/2017","NC"
"20162017","American International",3,"@","Massachusetts",0,"","","1/3/2017","NC"
"20162017","(16) St. Lawrence",3,"@","(13) Vermont",4,"","","1/3/2017","NC"
"20162017","Northeastern",4,"@","Yale",5,"","","1/3/2017","NC"
"20162017","Army West Point",1,"vs.","Bentley",3,"","","1/5/2017","AH"
"20162017","(17) Bemidji State",2,"@","Bowling Green",1,"","","1/5/2017","WC"
"20162017","(10) Union",4,"@","(5) Boston University",5,"OT","","1/5/2017","NC"
"20162017","Army West Point",5,"@","Bentley",5,"OT","","1/6/2017","AH"
"20162017","Niagara",1,"@","Holy Cross",3,"","","1/6/2017","AH"
"20162017","Air Force",3,"@","Mercyhurst",1,"","","1/6/2017","AH"
"20162017","Sacred Heart",1,"@","RIT",3,"","","1/6/2017","AH"
"20162017","American International",0,"@","Robert Morris",3,"","","1/6/2017","AH"
"20162017","(2) Penn State",0,"@","(11) Ohio State",3,"","","1/6/2017","B10"
"20162017","Michigan State",1,"@","Wisconsin",5,"","","1/6/2017","B10"
"20162017","Princeton",0,"@","Dartmouth",5,"","","1/6/2017","EC"
"20162017","(15) Quinnipiac",2,"@","(4) Harvard",5,"","","1/6/2017","EC"
"20162017","(6) Massachusetts-Lowell",2,"@","New Hampshire",1,"","","1/6/2017","HE"
"20162017","(20) St. Cloud State",2,"@","Miami",3,"OT","","1/6/2017","NT"
"20162017","Colorado College",2,"@","(1) Minnesota-Duluth",2,"OT","UMD scores in 3x3 OT","1/6/2017","NT"
"20162017","(7) North Dakota",9,"@","(18) Omaha",1,"","","1/6/2017","NT"
"20162017","(17) Bemidji State",2,"@","Bowling Green",4,"","","1/6/2017","WC"
"20162017","Northern Michigan",2,"@","Lake Superior",3,"","","1/6/2017","WC"
"20162017","Ferris State",1,"@","Alaska-Anchorage",4,"","","1/6/2017","WC"
"20162017","(19) Minnesota State",3,"@","Alabama-Huntsville",0,"","","1/6/2017","WC"
"20162017","(16) St. Lawrence",3,"@","Canisius",3,"OT","","1/6/2017","NC"
"20162017","Arizona State",1,"@","(3) Denver",5,"","","1/6/2017","NC"
"20162017","Michigan Tech",1,"@","(12) Notre Dame",3,"","","1/6/2017","NC"
"20162017","USA Under-18 Team",6,"@","Maine",2,"","","1/6/2017","EX"
"20162017","Niagara",1,"@","Holy Cross",2,"","","1/7/2017","AH"
"20162017","Air Force",4,"@","Mercyhurst",2,"","","1/7/2017","AH"
"20162017","Sacred Heart",5,"@","RIT",1,"","","1/7/2017","AH"
"20162017","American International",3,"@","Robert Morris",4,"","","1/7/2017","AH"
"20162017","(2) Penn State",4,"@","(11) Ohio State",2,"","","1/7/2017","B10"
"20162017","Michigan State",1,"@","Wisconsin",5,"","","1/7/2017","B10"
"20162017","(15) Quinnipiac",4,"@","Dartmouth",2,"","","1/7/2017","EC"
"20162017","Princeton",2,"@","(4) Harvard",5,"","","1/7/2017","EC"
"20162017","Northeastern",3,"@","(13) Vermont",4,"","","1/7/2017","HE"
"20162017","(20) St. Cloud State",1,"@","Miami",4,"","","1/7/2017","NT"
"20162017","Colorado College",2,"@","(1) Minnesota-Duluth",1,"","","1/7/2017","NT"
"20162017","(7) North Dakota",7,"@","(18) Omaha",3,"","","1/7/2017","NT"
"20162017","Lake Superior",4,"@","Northern Michigan",6,"","","1/7/2017","WC"
"20162017","Ferris State",2,"@","Alaska-Anchorage",2,"OT","","1/7/2017","WC"
"20162017","(19) Minnesota State",3,"@","Alabama-Huntsville",2,"","","1/7/2017","WC"
"20162017","(16) St. Lawrence",2,"@","Canisius",1,"","","1/7/2017","NC"
"20162017","Rensselaer",1,"vs.","Clarkson",6,"","","1/7/2017","NC"
"20162017","Arizona State",1,"@","(3) Denver",6,"","","1/7/2017","NC"
"20162017","Cornell",1,"@","Merrimack",0,"","","1/7/2017","NC"
"20162017","Michigan Tech",4,"@","(12) Notre Dame",2,"","","1/7/2017","NC"
"20162017","Yale",4,"@","Connecticut",2,"","","1/7/2017","NC"
"20162017","(8) Boston College",3,"vs.","Providence",1,"","","1/8/2017","HE"
"20162017","(5) Boston University",5,"vs.","Massachusetts",3,"","","1/8/2017","HE"
"20162017","New Hampshire",7,"@","Brown",4,"","","1/8/2017","NC"
"20162017","Providence",3,"@","Yale",1,"","","1/10/2017","NC"
"20162017","Maine",3,"@","Connecticut",6,"","","1/12/2017","HE"
"20162017","Northeastern",3,"@","New Hampshire",5,"","","1/12/2017","HE"
"20162017","Canisius",4,"@","Air Force",1,"","","1/13/2017","AH"
"20162017","RIT",5,"@","American International",0,"","","1/13/2017","AH"
"20162017","Mercyhurst",3,"@","Army West Point",1,"","","1/13/2017","AH"
"20162017","Bentley",6,"@","Niagara",3,"","","1/13/2017","AH"
"20162017","Holy Cross",1,"@","Sacred Heart",2,"OT","","1/13/2017","AH"
"20162017","Michigan State",2,"@","(4) Penn State",5,"","","1/13/2017","B10"
"20162017","Michigan",2,"@","(9) Minnesota",5,"","","1/13/2017","B10"
"20162017","(16) St. Lawrence",2,"@","Brown",1,"","","1/13/2017","EC"
"20162017","(19) Cornell",5,"@","Princeton",1,"","","1/13/2017","EC"
"20162017","Colgate",1,"@","(15) Quinnipiac",4,"","","1/13/2017","EC"
"20162017","(2) Harvard",0,"@","Rensselaer",4,"","","1/13/2017","EC"
"20162017","Dartmouth",1,"@","(11) Union",4,"","","1/13/2017","EC"
"20162017","Clarkson",1,"@","Yale",2,"","","1/13/2017","EC"
"20162017","(8) Boston College",1,"@","(5) Boston University",2,"","","1/13/2017","HE"
"20162017","(13) Notre Dame",2,"@","Merrimack",1,"","","1/13/2017","HE"
"20162017","(12) Vermont",4,"@","Providence",3,"","","1/13/2017","HE"
"20162017","Omaha",5,"@","Colorado College",2,"","","1/13/2017","NT"
"20162017","St. Cloud State",2,"@","(3) Minnesota-Duluth",1,"","","1/13/2017","NT"
"20162017","Miami",6,"@","(7) North Dakota",3,"","","1/13/2017","NT"
"20162017","(1) Denver",0,"@","(14) Western Michigan",3,"","","1/13/2017","NT"
"20162017","Alaska",3,"@","Ferris State",3,"OT","","1/13/2017","WC"
"20162017","Bowling Green",3,"@","(18) Minnesota State",2,"OT","","1/13/2017","WC"
"20162017","Alaska-Anchorage",3,"@","(20) Michigan Tech",3,"OT","","1/13/2017","WC"
"20162017","Lake Superior",1,"@","Northern Michigan",1,"OT","","1/13/2017","WC"
"20162017","Arizona State",1,"@","(10) Ohio State",6,"","","1/13/2017","NC"
"20162017","Canisius",2,"@","Air Force",2,"OT","","1/14/2017","AH"
"20162017","RIT",3,"@","American International",5,"","","1/14/2017","AH"
"20162017","Mercyhurst",1,"@","Army West Point",4,"","","1/14/2017","AH"
"20162017","Bentley",1,"@","Niagara",3,"","","1/14/2017","AH"
"20162017","Holy Cross",2,"@","Sacred Heart",2,"OT","","1/14/2017","AH"
"20162017","Michigan State",3,"@","(4) Penn State",5,"","","1/14/2017","B10"
"20162017","Michigan",2,"@","(9) Minnesota",4,"","","1/14/2017","B10"
"20162017","Clarkson",7,"@","Brown",2,"","","1/14/2017","EC"
"20162017","Colgate",2,"@","Princeton",2,"OT","","1/14/2017","EC"
"20162017","(19) Cornell",2,"@","(15) Quinnipiac",1,"","","1/14/2017","EC"
"20162017","Dartmouth",4,"@","Rensselaer",2,"","","1/14/2017","EC"
"20162017","(2) Harvard",1,"@","(11) Union",2,"","","1/14/2017","EC"
"20162017","(16) St. Lawrence",2,"@","Yale",2,"OT","","1/14/2017","EC"
"20162017","(13) Notre Dame",2,"@","Merrimack",4,"","","1/14/2017","HE"
"20162017","New Hampshire",2,"vs.","Northeastern",2,"OT","","1/14/2017","HE"
"20162017","(12) Vermont",1,"@","Providence",4,"","","1/14/2017","HE"
"20162017","Maine",4,"vs.","Connecticut",0,"","","1/14/2017","HE"
"20162017","Omaha",4,"@","Colorado College",2,"","","1/14/2017","NT"
"20162017","St. Cloud State",3,"@","(3) Minnesota-Duluth",4,"OT","","1/14/2017","NT"
"20162017","Miami",1,"@","(7) North Dakota",3,"","","1/14/2017","NT"
"20162017","(1) Denver",7,"@","(14) Western Michigan",2,"","","1/14/2017","NT"
"20162017","Alaska",2,"@","Ferris State",1,"OT","","1/14/2017","WC"
"20162017","Northern Michigan",1,"@","Lake Superior",1,"OT","","1/14/2017","WC"
"20162017","Bowling Green",3,"@","(18) Minnesota State",5,"","","1/14/2017","WC"
"20162017","Alaska-Anchorage",1,"@","(20) Michigan Tech",1,"OT","","1/14/2017","WC"
"20162017","Arizona State",2,"@","(10) Ohio State",2,"OT","","1/14/2017","NC"
"20162017","(6) Massachusetts-Lowell",2,"@","Massachusetts",1,"","","1/14/2017","NC"
"20162017","(3) Boston University",3,"@","(10) Boston College",0,"","","1/16/2017","HE"
"20162017","Army West Point",2,"@","American International",0,"","","1/17/2017","AH"
"20162017","(6) Harvard",4,"@","Dartmouth",8,"","","1/17/2017","EC"
"20162017","Rensselaer",2,"vs.","(9) Union",3,"OT","Mayor's Cup","1/19/2017","NC"
"20162017","Mercyhurst",3,"@","Holy Cross",3,"OT","","1/20/2017","AH"
"20162017","American International",7,"@","Niagara",3,"","","1/20/2017","AH"
"20162017","Canisius",3,"@","RIT",1,"","","1/20/2017","AH"
"20162017","Air Force",6,"@","Robert Morris",2,"","","1/20/2017","AH"
"20162017","Bentley",3,"@","Sacred Heart",2,"","","1/20/2017","AH"
"20162017","(11) Ohio State",3,"@","(1) Penn State",3,"OT","Ohio State wins shootout, 2-1 (7 rounds)","1/20/2017","B10"
"20162017","Michigan State",3,"@","Michigan",0,"","","1/20/2017","B10"
"20162017","(7) Minnesota",4,"@","Wisconsin",3,"OT","","1/20/2017","B10"
"20162017","(16) St. Lawrence",3,"@","Colgate",0,"","","1/20/2017","EC"
"20162017","Clarkson",3,"@","(15) Cornell",3,"OT","","1/20/2017","EC"
"20162017","Yale",7,"@","Dartmouth",0,"","","1/20/2017","EC"
"20162017","Brown",0,"@","(6) Harvard",3,"","","1/20/2017","EC"
"20162017","Massachusetts",1,"@","(10) Boston College",6,"","","1/20/2017","HE"
"20162017","Maine",1,"@","(3) Boston University",4,"","","1/20/2017","HE"
"20162017","New Hampshire",2,"@","(14) Notre Dame",2,"OT","","1/20/2017","HE"
"20162017","Merrimack",1,"@","Northeastern",4,"","","1/20/2017","HE"
"20162017","Providence",4,"@","(5) Massachusetts-Lowell",3,"","","1/20/2017","HE"
"20162017","Connecticut",4,"@","(12) Vermont",5,"","","1/20/2017","HE"
"20162017","(2) Denver",2,"@","St. Cloud State",3,"OT","","1/20/2017","NT"
"20162017","(4) Minnesota-Duluth",5,"@","(8) North Dakota",3,"","","1/20/2017","NT"
"20162017","Miami",3,"@","(19) Omaha",3,"OT","Miami scores in 3x3 OT","1/20/2017","NT"
"20162017","Colorado College",2,"@","(13) Western Michigan",4,"","","1/20/2017","NT"
"20162017","Alaska",3,"@","Bowling Green",2,"","","1/20/2017","WC"
"20162017","Ferris State",5,"@","(18) Bemidji State",2,"","","1/20/2017","WC"
"20162017","Alabama-Huntsville",4,"@","Lake Superior",5,"","","1/20/2017","WC"
"20162017","(20) Minnesota State",4,"@","Michigan Tech",4,"OT","","1/20/2017","WC"
"20162017","Alaska-Anchorage",1,"@","Northern Michigan",6,"","","1/20/2017","WC"
"20162017","So. New Hampshire",0,"@","Arizona State",11,"","","1/20/2017","NC"
"20162017","Sacred Heart",5,"@","Bentley",4,"","","1/21/2017","AH"
"20162017","RIT",1,"@","Canisius",6,"","","1/21/2017","AH"
"20162017","Mercyhurst",3,"@","Holy Cross",3,"OT","","1/21/2017","AH"
"20162017","American International",7,"@","Niagara",2,"","","1/21/2017","AH"
"20162017","Air Force",1,"@","Robert Morris",2,"","","1/21/2017","AH"
"20162017","Michigan",2,"@","Michigan State",2,"OT","Michigan wins shootout, 1-0 (3 rounds)","1/21/2017","B10"
"20162017","(11) Ohio State",6,"@","(1) Penn State",3,"","","1/21/2017","B10"
"20162017","(7) Minnesota",3,"@","Wisconsin",5,"","","1/21/2017","B10"
"20162017","Clarkson",2,"@","Colgate",3,"","","1/21/2017","EC"
"20162017","(16) St. Lawrence",2,"@","(15) Cornell",3,"","","1/21/2017","EC"
"20162017","Brown",4,"@","Dartmouth",3,"OT","","1/21/2017","EC"
"20162017","Yale",1,"@","(6) Harvard",1,"OT","","1/21/2017","EC"
"20162017","Northeastern",4,"@","Merrimack",2,"","","1/21/2017","HE"
"20162017","(3) Boston University",3,"@","Maine",1,"","","1/21/2017","HE"
"20162017","New Hampshire",0,"@","(14) Notre Dame",3,"","","1/21/2017","HE"
"20162017","(5) Massachusetts-Lowell",2,"@","Providence",3,"","","1/21/2017","HE"
"20162017","(2) Denver",3,"@","St. Cloud State",1,"","","1/21/2017","NT"
"20162017","(4) Minnesota-Duluth",4,"@","(8) North Dakota",0,"","","1/21/2017","NT"
"20162017","Miami",0,"@","(19) Omaha",2,"","","1/21/2017","NT"
"20162017","Colorado College",0,"@","(13) Western Michigan",3,"","","1/21/2017","NT"
"20162017","Alaska",1,"@","Bowling Green",2,"OT","","1/21/2017","WC"
"20162017","Ferris State",1,"@","(18) Bemidji State",5,"","","1/21/2017","WC"
"20162017","Alabama-Huntsville",1,"@","Lake Superior",4,"","","1/21/2017","WC"
"20162017","(20) Minnesota State",0,"@","Michigan Tech",4,"","","1/21/2017","WC"
"20162017","Alaska-Anchorage",0,"@","Northern Michigan",4,"","","1/21/2017","WC"
"20162017","So. New Hampshire",1,"@","Arizona State",4,"","","1/21/2017","NC"
"20162017","Royal Military",3,"@","Army West Point",5,"","","1/21/2017","EX"
"20162017","Niagara",1,"@","Canisius",4,"","","1/24/2017","AH"
"20162017","Connecticut",1,"@","(13) Boston College",2,"","","1/24/2017","HE"
"20162017","(1) Boston University",1,"@","Merrimack",3,"","","1/24/2017","HE"
"20162017","Wisconsin",3,"@","(8) Ohio State",1,"","","1/26/2017","B10"
"20162017","Army West Point",1,"@","Air Force",3,"","","1/27/2017","AH"
"20162017","Canisius",4,"@","American International",2,"","","1/27/2017","AH"
"20162017","Robert Morris",3,"@","Holy Cross",4,"","","1/27/2017","AH"
"20162017","Niagara",2,"@","Mercyhurst",3,"","","1/27/2017","AH"
"20162017","Bentley",3,"@","RIT",2,"","","1/27/2017","AH"
"20162017","Yale",4,"@","Brown",3,"","","1/27/2017","EC"
"20162017","(5) Union",6,"@","Clarkson",2,"","","1/27/2017","EC"
"20162017","Dartmouth",1,"@","Colgate",2,"","","1/27/2017","EC"
"20162017","(9) Harvard",4,"@","(14) Cornell",1,"","","1/27/2017","EC"
"20162017","Rensselaer",1,"@","(16) St. Lawrence",2,"","","1/27/2017","EC"
"20162017","Merrimack",4,"@","(1) Boston University",1,"","","1/27/2017","HE"
"20162017","Massachusetts",1,"@","Maine",4,"","","1/27/2017","HE"
"20162017","(11) Vermont",1,"@","Connecticut",3,"","","1/27/2017","HE"
"20162017","Northeastern",4,"@","(7) Massachusetts-Lowell",3,"","","1/27/2017","HE"
"20162017","(19) Providence",3,"@","New Hampshire",0,"","","1/27/2017","HE"
"20162017","(12) North Dakota",5,"@","Colorado College",2,"","","1/27/2017","NT"
"20162017","(18) Omaha",3,"@","(3) Denver",5,"","","1/27/2017","NT"
"20162017","(10) Western Michigan",2,"@","Miami",1,"","","1/27/2017","NT"
"20162017","Bowling Green",3,"@","Ferris State",2,"OT","","1/27/2017","WC"
"20162017","Lake Superior",2,"@","Minnesota State",4,"","","1/27/2017","WC"
"20162017","Michigan Tech",5,"@","Alabama-Huntsville",2,"","","1/27/2017","WC"
"20162017","Arizona State",2,"@","(17) Quinnipiac",5,"","","1/27/2017","NC"
"20162017","St. Cloud State",2,"vs.","(20) Bemidji State",1,"","North Star College Cup","1/27/2017","NC"
"20162017","(6) Minnesota",2,"vs.","(2) Minnesota-Duluth",3,"","North Star College Cup","1/27/2017","NC"
"20162017","Army West Point",2,"@","Air Force",3,"","","1/28/2017","AH"
"20162017","Canisius",6,"@","American International",1,"","","1/28/2017","AH"
"20162017","Robert Morris",6,"@","Holy Cross",0,"","","1/28/2017","AH"
"20162017","Mercyhurst",4,"@","Niagara",0,"","","1/28/2017","AH"
"20162017","Bentley",6,"@","RIT",3,"","","1/28/2017","AH"
"20162017","Wisconsin",3,"vs.","(8) Ohio State",2,"OT","","1/28/2017","B10"
"20162017","Rensselaer",2,"@","Clarkson",1,"","","1/28/2017","EC"
"20162017","(9) Harvard",3,"@","Colgate",1,"","","1/28/2017","EC"
"20162017","Dartmouth",4,"@","(14) Cornell",2,"","","1/28/2017","EC"
"20162017","(5) Union",3,"@","(16) St. Lawrence",4,"","","1/28/2017","EC"
"20162017","Brown",1,"@","Yale",4,"","","1/28/2017","EC"
"20162017","(15) Notre Dame",4,"@","(13) Boston College",6,"","","1/28/2017","HE"
"20162017","(7) Massachusetts-Lowell",2,"@","(1) Boston University",4,"","","1/28/2017","HE"
"20162017","Massachusetts",1,"@","Maine",2,"","","1/28/2017","HE"
"20162017","(19) Providence",3,"@","New Hampshire",2,"","","1/28/2017","HE"
"20162017","(12) North Dakota",0,"@","Colorado College",3,"","","1/28/2017","NT"
"20162017","(18) Omaha",0,"@","(3) Denver",5,"","","1/28/2017","NT"
"20162017","(10) Western Michigan",3,"@","Miami",4,"","","1/28/2017","NT"
"20162017","Bowling Green",0,"@","Ferris State",5,"","","1/28/2017","WC"
"20162017","Lake Superior",2,"@","Minnesota State",2,"OT","","1/28/2017","WC"
"20162017","Michigan Tech",4,"@","Alabama-Huntsville",4,"OT","","1/28/2017","WC"
"20162017","(4) Penn State",4,"vs.","Princeton",5,"","","1/28/2017","NC"
"20162017","Arizona State",4,"@","(17) Quinnipiac",2,"","","1/28/2017","NC"
"20162017","(6) Minnesota",4,"vs.","(20) Bemidji State",0,"","North Star College Cup","1/28/2017","NC"
"20162017","(2) Minnesota-Duluth",2,"vs.","St. Cloud State",1,"OT","North Star College Cup","1/28/2017","NC"
"20162017","Canisius",5,"@","Niagara",2,"","","1/31/2017","AH"
"20162017","Northeastern",6,"@","Massachusetts",5,"","","1/31/2017","HE"
"20162017","Holy Cross",3,"@","American International",1,"","","2/2/2017","AH"
"20162017","Air Force",6,"@","Bentley",1,"","","2/3/2017","AH"
"20162017","Army West Point",0,"@","Canisius",4,"","","2/3/2017","AH"
"20162017","American International",2,"@","Holy Cross",8,"","","2/3/2017","AH"
"20162017","Sacred Heart",2,"@","Mercyhurst",2,"OT","","2/3/2017","AH"
"20162017","RIT",4,"@","Robert Morris",1,"","","2/3/2017","AH"
"20162017","(18) Wisconsin",6,"@","Michigan State",3,"","","2/3/2017","B10"
"20162017","(11) Ohio State",4,"@","Michigan",5,"","","2/3/2017","B10"
"20162017","(6) Penn State",1,"@","(7) Minnesota",5,"","","2/3/2017","B10"
"20162017","(19) Quinnipiac",1,"@","Brown",0,"","","2/3/2017","EC"
"20162017","Dartmouth",2,"@","(5) Harvard",5,"","","2/3/2017","EC"
"20162017","Colgate",2,"@","Rensselaer",5,"","","2/3/2017","EC"
"20162017","(16) Cornell",5,"@","(4) Union",3,"","","2/3/2017","EC"
"20162017","Princeton",4,"@","Yale",2,"","","2/3/2017","EC"
"20162017","Massachusetts",1,"@","(3) Boston University",3,"","","2/3/2017","HE"
"20162017","Connecticut",2,"@","Merrimack",2,"OT","","2/3/2017","HE"
"20162017","(12) Vermont",4,"@","(17) Notre Dame",4,"OT","","2/3/2017","HE"
"20162017","(10) Massachusetts-Lowell",6,"@","Northeastern",4,"","","2/3/2017","HE"
"20162017","Maine",2,"@","(15) Providence",3,"","","2/3/2017","HE"
"20162017","(8) Boston College",6,"@","New Hampshire",4,"","","2/3/2017","HE"
"20162017","Omaha",2,"@","(1) Minnesota-Duluth",2,"OT","Minnesota-Duluth wins shootout 1-0","2/3/2017","NT"
"20162017","St. Cloud State",3,"@","(13) North Dakota",1,"","","2/3/2017","NT"
"20162017","Northern Michigan",3,"@","Bowling Green",0,"","","2/3/2017","WC"
"20162017","(20) Michigan Tech",2,"@","Bemidji State",4,"","","2/3/2017","WC"
"20162017","Minnesota State",3,"@","Alaska-Anchorage",4,"","","2/3/2017","WC"
"20162017","Alabama-Huntsville",0,"@","Alaska",3,"","","2/3/2017","WC"
"20162017","Arizona State",2,"@","(9) Western Michigan",4,"","","2/3/2017","NC"
"20162017","Air Force",5,"@","Bentley",1,"","","2/4/2017","AH"
"20162017","Army West Point",2,"@","Canisius",2,"OT","","2/4/2017","AH"
"20162017","Sacred Heart",4,"@","Mercyhurst",3,"OT","","2/4/2017","AH"
"20162017","RIT",1,"@","Robert Morris",3,"","","2/4/2017","AH"
"20162017","(18) Wisconsin",4,"@","Michigan State",3,"OT","","2/4/2017","B10"
"20162017","(11) Ohio State",6,"@","Michigan",5,"","","2/4/2017","B10"
"20162017","(6) Penn State",2,"@","(7) Minnesota",5,"","","2/4/2017","B10"
"20162017","Princeton",3,"@","Brown",3,"OT","","2/4/2017","EC"
"20162017","(14) St. Lawrence",1,"@","Clarkson",3,"","","2/4/2017","EC"
"20162017","(16) Cornell",4,"@","Rensselaer",3,"","","2/4/2017","EC"
"20162017","Colgate",1,"@","(4) Union",3,"","","2/4/2017","EC"
"20162017","(19) Quinnipiac",5,"@","Yale",2,"","","2/4/2017","EC"
"20162017","(12) Vermont",1,"@","(17) Notre Dame",4,"","","2/4/2017","HE"
"20162017","Maine",3,"@","(15) Providence",5,"","","2/4/2017","HE"
"20162017","Merrimack",2,"@","Connecticut",2,"OT","","2/4/2017","HE"
"20162017","New Hampshire",2,"@","(10) Massachusetts-Lowell",8,"","","2/4/2017","HE"
"20162017","Omaha",0,"@","(1) Minnesota-Duluth",5,"","","2/4/2017","NT"
"20162017","St. Cloud State",1,"@","(13) North Dakota",2,"OT","","2/4/2017","NT"
"20162017","Northern Michigan",2,"@","Bowling Green",0,"","","2/4/2017","WC"
"20162017","(20) Michigan Tech",0,"@","Bemidji State",3,"","","2/4/2017","WC"
"20162017","Minnesota State",5,"@","Alaska-Anchorage",0,"","","2/4/2017","WC"
"20162017","Alabama-Huntsville",4,"@","Alaska",1,"","","2/4/2017","WC"
"20162017","Arizona State",2,"@","(9) Western Michigan",2,"OT","","2/4/2017","NC"
"20162017","(3) Boston University",3,"vs.","(7) Boston College",1,"","Beanpot","2/6/2017","NC"
"20162017","Northeastern",3,"vs.","(4) Harvard",4,"","Beanpot","2/6/2017","NC"
"20162017","Colgate",0,"@","(12) Cornell",4,"","","2/7/2017","EC"
"20162017","(11) Providence",4,"@","Connecticut",1,"","","2/8/2017","HE"
"20162017","American International",0,"@","(20) Air Force",5,"","","2/10/2017","AH"
"20162017","Niagara",1,"@","Army West Point",6,"","","2/10/2017","AH"
"20162017","Holy Cross",4,"@","RIT",0,"","","2/10/2017","AH"
"20162017","Bentley",3,"@","Robert Morris",0,"","","2/10/2017","AH"
"20162017","Canisius",2,"@","Sacred Heart",2,"OT","","2/10/2017","AH"
"20162017","Michigan",4,"vs.","Michigan State",4,"OT","Michigan wins shootout, 2-1 (5 rounds)","2/10/2017","B10"
"20162017","(5) Minnesota",4,"@","(12) Ohio State",5,"","","2/10/2017","B10"
"20162017","(10) Penn State",6,"@","(17) Wisconsin",3,"","","2/10/2017","B10"
"20162017","Rensselaer",1,"@","Dartmouth",2,"","","2/10/2017","EC"
"20162017","(6) Union",2,"@","(4) Harvard",6,"","","2/10/2017","EC"
"20162017","(18) St. Lawrence",1,"@","Princeton",3,"","","2/10/2017","EC"
"20162017","Clarkson",4,"@","(19) Quinnipiac",2,"","","2/10/2017","EC"
"20162017","Merrimack",6,"@","(7) Boston College",3,"","","2/10/2017","HE"
"20162017","(16) Notre Dame",3,"@","Maine",2,"","","2/10/2017","HE"
"20162017","Massachusetts",2,"@","Northeastern",6,"","","2/10/2017","HE"
"20162017","Connecticut",3,"@","(11) Providence",4,"","","2/10/2017","HE"
"20162017","(3) Boston University",2,"@","(9) Massachusetts-Lowell",3,"","","2/10/2017","HE"
"20162017","New Hampshire",4,"@","(15) Vermont",2,"","","2/10/2017","HE"
"20162017","Colorado College",1,"@","(2) Denver",2,"","","2/10/2017","NT"
"20162017","Miami",2,"@","St. Cloud State",4,"","","2/10/2017","NT"
"20162017","(8) Western Michigan",7,"@","Omaha",6,"","","2/10/2017","NT"
"20162017","Alaska-Anchorage",3,"@","Lake Superior",2,"","","2/10/2017","WC"
"20162017","Ferris State",3,"@","Michigan Tech",2,"","","2/10/2017","WC"
"20162017","Alaska",0,"@","Northern Michigan",3,"","","2/10/2017","WC"
"20162017","Bemidji State",3,"@","Alabama-Huntsville",2,"","","2/10/2017","WC"
"20162017","Simon Fraser",1,"@","Arizona State",8,"","","2/10/2017","EX"
"20162017","American International",3,"@","(20) Air Force",3,"OT","","2/11/2017","AH"
"20162017","Niagara",4,"@","Army West Point",5,"OT","","2/11/2017","AH"
"20162017","Holy Cross",1,"@","RIT",2,"OT","","2/11/2017","AH"
"20162017","Bentley",1,"@","Robert Morris",1,"OT","","2/11/2017","AH"
"20162017","Canisius",6,"@","Sacred Heart",5,"","","2/11/2017","AH"
"20162017","(5) Minnesota",6,"@","(12) Ohio State",5,"","","2/11/2017","B10"
"20162017","Michigan State",4,"@","Michigan",1,"","","2/11/2017","B10"
"20162017","(10) Penn State",5,"@","(17) Wisconsin",2,"","","2/11/2017","B10"
"20162017","Brown",1,"@","Colgate",2,"","","2/11/2017","EC"
"20162017","Yale",2,"@","(12) Cornell",2,"OT","","2/11/2017","EC"
"20162017","(6) Union",8,"@","Dartmouth",3,"","","2/11/2017","EC"
"20162017","Clarkson",2,"@","Princeton",3,"OT","","2/11/2017","EC"
"20162017","(16) Notre Dame",4,"@","Maine",2,"","","2/11/2017","HE"
"20162017","Massachusetts",2,"@","(9) Massachusetts-Lowell",4,"","","2/11/2017","HE"
"20162017","New Hampshire",3,"@","(15) Vermont",5,"","","2/11/2017","HE"
"20162017","(2) Denver",5,"@","Colorado College",1,"","","2/11/2017","NT"
"20162017","Miami",1,"@","St. Cloud State",3,"","","2/11/2017","NT"
"20162017","(8) Western Michigan",3,"@","Omaha",6,"","","2/11/2017","NT"
"20162017","Alaska-Anchorage",4,"@","Lake Superior",4,"OT","","2/11/2017","WC"
"20162017","Ferris State",2,"@","Michigan Tech",5,"","","2/11/2017","WC"
"20162017","Alaska",0,"@","Northern Michigan",2,"","","2/11/2017","WC"
"20162017","Bemidji State",2,"@","Alabama-Huntsville",5,"","","2/11/2017","WC"
"20162017","Mercyhurst",0,"@","Bowling Green",3,"","","2/11/2017","NC"
"20162017","Simon Fraser",2,"@","Arizona State",4,"","","2/11/2017","EX"
"20162017","Yale",2,"@","Colgate",4,"","","2/12/2017","EC"
"20162017","Brown",3,"@","(12) Cornell",5,"","","2/12/2017","EC"
"20162017","Northeastern",4,"vs.","(11) Boston College",2,"","Beanpot","2/13/2017","NC"
"20162017","(3) Harvard",6,"vs.","(4) Boston University",3,"","Beanpot","2/13/2017","NC"
"20162017","Merrimack",3,"@","Massachusetts",0,"","","2/14/2017","HE"
"20162017","Niagara",2,"@","Canisius",4,"","","2/15/2017","AH"
"20162017","Sacred Heart",0,"@","Bentley",4,"","","2/17/2017","AH"
"20162017","Army West Point",3,"@","Holy Cross",1,"","","2/17/2017","AH"
"20162017","Robert Morris",4,"@","Mercyhurst",7,"","","2/17/2017","AH"
"20162017","Canisius",5,"@","Niagara",2,"","","2/17/2017","AH"
"20162017","(19) Air Force",4,"@","RIT",2,"","","2/17/2017","AH"
"20162017","(14) Ohio State",3,"@","Michigan State",2,"","","2/17/2017","B10"
"20162017","(5) Minnesota",6,"@","(9) Penn State",3,"","","2/17/2017","B10"
"20162017","Michigan",2,"@","(20) Wisconsin",5,"","","2/17/2017","B10"
"20162017","Dartmouth",5,"@","Brown",4,"","","2/17/2017","EC"
"20162017","Colgate",0,"@","Clarkson",3,"","","2/17/2017","EC"
"20162017","Princeton",3,"@","Rensselaer",4,"","","2/17/2017","EC"
"20162017","(12) Cornell",4,"@","(17) St. Lawrence",2,"","","2/17/2017","EC"
"20162017","Quinnipiac",1,"@","(7) Union",4,"","","2/17/2017","EC"
"20162017","(3) Harvard",4,"@","Yale",2,"","","2/17/2017","EC"
"20162017","(16) Vermont",3,"@","(11) Boston College",3,"OT","","2/17/2017","HE"
"20162017","New Hampshire",4,"@","(4) Boston University",4,"OT","","2/17/2017","HE"
"20162017","Maine",3,"@","Merrimack",4,"OT","","2/17/2017","HE"
"20162017","(10) Providence",1,"@","(15) Notre Dame",4,"","","2/17/2017","HE"
"20162017","Northeastern",3,"@","Connecticut",0,"","","2/17/2017","HE"
"20162017","(1) Minnesota-Duluth",2,"@","Colorado College",1,"","","2/17/2017","NT"
"20162017","(2) Denver",5,"@","Miami",2,"","","2/17/2017","NT"
"20162017","(13) North Dakota",2,"@","(8) Western Michigan",4,"","","2/17/2017","NT"
"20162017","Alaska-Anchorage",1,"@","Ferris State",2,"","","2/17/2017","WC"
"20162017","Northern Michigan",3,"@","Minnesota State",5,"","","2/17/2017","WC"
"20162017","Lake Superior",2,"@","Alaska",4,"","","2/17/2017","WC"
"20162017","Holy Cross",2,"@","Army West Point",4,"","","2/18/2017","AH"
"20162017","(19) Air Force",3,"@","RIT",2,"","","2/18/2017","AH"
"20162017","Mercyhurst",2,"@","Robert Morris",3,"OT","","2/18/2017","AH"
"20162017","Bentley",2,"@","Sacred Heart",3,"","","2/18/2017","AH"
"20162017","(14) Ohio State",4,"@","Michigan State",3,"","","2/18/2017","B10"
"20162017","(5) Minnesota",4,"@","(9) Penn State",3,"OT","","2/18/2017","B10"
"20162017","Michigan",4,"@","(20) Wisconsin",6,"","","2/18/2017","B10"
"20162017","(3) Harvard",6,"@","Brown",0,"","","2/18/2017","EC"
"20162017","(12) Cornell",3,"@","Clarkson",3,"OT","","2/18/2017","EC"
"20162017","Quinnipiac",7,"@","Rensselaer",3,"","","2/18/2017","EC"
"20162017","Colgate",1,"@","(17) St. Lawrence",1,"OT","","2/18/2017","EC"
"20162017","Princeton",2,"@","(7) Union",4,"","","2/18/2017","EC"
"20162017","Dartmouth",0,"@","Yale",4,"","","2/18/2017","EC"
"20162017","(16) Vermont",2,"@","(11) Boston College",2,"OT","","2/18/2017","HE"
"20162017","Maine",4,"@","Merrimack",4,"OT","","2/18/2017","HE"
"20162017","(10) Providence",3,"@","(15) Notre Dame",3,"OT","","2/18/2017","HE"
"20162017","Connecticut",1,"@","Northeastern",4,"","","2/18/2017","HE"
"20162017","(6) Massachusetts-Lowell",5,"@","Massachusetts",2,"","","2/18/2017","HE"
"20162017","(4) Boston University",8,"@","New Hampshire",4,"","","2/18/2017","HE"
"20162017","(1) Minnesota-Duluth",2,"@","Colorado College",2,"OT","Minnesota-Duluth wins shootout 1-0","2/18/2017","NT"
"20162017","(2) Denver",5,"@","Miami",2,"","","2/18/2017","NT"
"20162017","(13) North Dakota",2,"@","(8) Western Michigan",3,"","","2/18/2017","NT"
"20162017","Alaska-Anchorage",0,"@","Ferris State",3,"","","2/18/2017","WC"
"20162017","Northern Michigan",4,"@","Minnesota State",7,"","","2/18/2017","WC"
"20162017","Lake Superior",3,"@","Alaska",3,"OT","","2/18/2017","WC"
"20162017","Army West Point",1,"@","American International",1,"OT","","2/23/2017","AH"
"20162017","Mercyhurst",0,"@","Canisius",4,"","","2/23/2017","AH"
"20162017","(5) Massachusetts-Lowell",4,"@","(14) Boston College",1,"","","2/23/2017","HE"
"20162017","Miami",3,"@","(2) Minnesota-Duluth",4,"","","2/23/2017","NT"
"20162017","Sacred Heart",0,"@","(17) Air Force",5,"","","2/24/2017","AH"
"20162017","Holy Cross",5,"@","Bentley",4,"OT","","2/24/2017","AH"
"20162017","(11) Penn State",4,"@","Michigan State",2,"","","2/24/2017","B10"
"20162017","Michigan",2,"@","(12) Ohio State",4,"","","2/24/2017","B10"
"20162017","(19) Wisconsin",3,"@","(4) Minnesota",2,"","","2/24/2017","B10"
"20162017","(7) Union",4,"@","Colgate",3,"OT","","2/24/2017","EC"
"20162017","Rensselaer",0,"@","(9) Cornell",2,"","","2/24/2017","EC"
"20162017","(20) St. Lawrence",5,"@","Dartmouth",4,"","","2/24/2017","EC"
"20162017","Clarkson",1,"@","(3) Harvard",4,"","","2/24/2017","EC"
"20162017","Brown",2,"@","Princeton",7,"","","2/24/2017","EC"
"20162017","Yale",2,"@","Quinnipiac",3,"","","2/24/2017","EC"
"20162017","(13) Notre Dame",3,"@","(6) Boston University",1,"","","2/24/2017","HE"
"20162017","Northeastern",5,"@","Maine",4,"OT","","2/24/2017","HE"
"20162017","(10) Providence",6,"@","Massachusetts",2,"","","2/24/2017","HE"
"20162017","(14) Boston College",1,"@","(5) Massachusetts-Lowell",3,"","","2/24/2017","HE"
"20162017","Connecticut",5,"@","New Hampshire",3,"","","2/24/2017","HE"
"20162017","Merrimack",1,"@","(15) Vermont",3,"","","2/24/2017","HE"
"20162017","(8) Western Michigan",3,"@","Colorado College",3,"OT","Colorado College scores in 3x3 OT","2/24/2017","NT"
"20162017","(18) St. Cloud State",3,"@","(1) Denver",4,"OT","","2/24/2017","NT"
"20162017","Miami",3,"@","(2) Minnesota-Duluth",3,"OT","Miami scores in 3x3 OT","2/24/2017","NT"
"20162017","Omaha",4,"@","(16) North Dakota",6,"","","2/24/2017","NT"
"20162017","Alabama-Huntsville",0,"@","Bowling Green",7,"","","2/24/2017","WC"
"20162017","Minnesota State",1,"@","Bemidji State",2,"","","2/24/2017","WC"
"20162017","Ferris State",6,"@","Lake Superior",4,"","","2/24/2017","WC"
"20162017","Michigan Tech",3,"@","Northern Michigan",2,"","","2/24/2017","WC"
"20162017","Alaska",4,"@","Alaska-Anchorage",3,"","Governor's Cup","2/24/2017","WC"
"20162017","Arizona State",3,"@","USA Under-18 Team",5,"","","2/24/2017","EX"
"20162017","Sacred Heart",3,"@","(17) Air Force",2,"OT","","2/25/2017","AH"
"20162017","American International",2,"@","Army West Point",1,"OT","","2/25/2017","AH"
"20162017","Holy Cross",2,"@","Bentley",2,"OT","","2/25/2017","AH"
"20162017","RIT",7,"@","Mercyhurst",1,"","","2/25/2017","AH"
"20162017","Robert Morris",6,"@","Niagara",2,"","","2/25/2017","AH"
"20162017","(11) Penn State",4,"@","Michigan State",1,"","","2/25/2017","B10"
"20162017","Michigan",1,"@","(12) Ohio State",0,"","","2/25/2017","B10"
"20162017","(19) Wisconsin",2,"@","(4) Minnesota",3,"","","2/25/2017","B10"
"20162017","Rensselaer",3,"@","Colgate",2,"","","2/25/2017","EC"
"20162017","(7) Union",3,"@","(9) Cornell",3,"OT","","2/25/2017","EC"
"20162017","Clarkson",6,"@","Dartmouth",4,"","","2/25/2017","EC"
"20162017","(20) St. Lawrence",3,"@","(3) Harvard",6,"","","2/25/2017","EC"
"20162017","Yale",1,"@","Princeton",4,"","","2/25/2017","EC"
"20162017","Brown",1,"@","Quinnipiac",4,"","","2/25/2017","EC"
"20162017","(13) Notre Dame",1,"@","(6) Boston University",4,"","","2/25/2017","HE"
"20162017","Northeastern",4,"@","Maine",5,"","","2/25/2017","HE"
"20162017","Massachusetts",1,"@","(10) Providence",2,"OT","","2/25/2017","HE"
"20162017","New Hampshire",2,"@","Connecticut",4,"","","2/25/2017","HE"
"20162017","Merrimack",3,"@","(15) Vermont",2,"","","2/25/2017","HE"
"20162017","(8) Western Michigan",5,"@","Colorado College",1,"","","2/25/2017","NT"
"20162017","(18) St. Cloud State",2,"@","(1) Denver",7,"","","2/25/2017","NT"
"20162017","Omaha",3,"@","(16) North Dakota",0,"","","2/25/2017","NT"
"20162017","Alabama-Huntsville",0,"@","Bowling Green",2,"","","2/25/2017","WC"
"20162017","Minnesota State",2,"@","Bemidji State",1,"","","2/25/2017","WC"
"20162017","Ferris State",1,"@","Lake Superior",1,"","","2/25/2017","WC"
"20162017","Northern Michigan",5,"@","Michigan Tech",3,"","","2/25/2017","WC"
"20162017","Alaska",2,"@","Alaska-Anchorage",1,"OT","Governor's Cup","2/25/2017","WC"
"20162017","Arizona State",6,"@","USA Under-18 Team",3,"","","2/25/2017","EX"
"20162017","Niagara",1,"vs.","Robert Morris",5,"","","2/26/2017","AH"
"20162017","Sacred Heart",4,"@","Bentley",1,"","AHA Tournament","3/3/2017","AH"
"20162017","American International",3,"@","Mercyhurst",4,"","AHA Tournament","3/3/2017","AH"
"20162017","Niagara",5,"@","RIT",4,"","AHA Tournament","3/3/2017","AH"
"20162017","Michigan State",5,"@","(13) Ohio State",4,"","","3/3/2017","B10"
"20162017","(16) Wisconsin",7,"@","(11) Penn State",4,"","","3/3/2017","B10"
"20162017","(5) Minnesota",3,"@","Michigan",5,"","","3/3/2017","B10"
"20162017","Rensselaer",4,"@","Clarkson",7,"","ECAC Tournament","3/3/2017","EC"
"20162017","Colgate",3,"@","Princeton",2,"OT","ECAC Tournament","3/3/2017","EC"
"20162017","Brown",1,"@","Quinnipiac",6,"","ECAC Tournament","3/3/2017","EC"
"20162017","Dartmouth",1,"@","Yale",6,"","ECAC Tournament","3/3/2017","EC"
"20162017","New Hampshire",0,"@","Merrimack",4,"","HEA Tournament","3/3/2017","HE"
"20162017","Connecticut",1,"@","Northeastern",3,"","HEA Tournament","3/3/2017","HE"
"20162017","Massachusetts",0,"@","(10) Providence",3,"","HEA Tournament","3/3/2017","HE"
"20162017","Maine",0,"@","(14) Vermont",5,"","HEA Tournament","3/3/2017","HE"
"20162017","(15) North Dakota",3,"@","Miami",2,"","","3/3/2017","NT"
"20162017","Colorado College",2,"@","(19) St. Cloud State",5,"","","3/3/2017","NT"
"20162017","(1) Denver",4,"@","Omaha",2,"","","3/3/2017","NT"
"20162017","(3) Minnesota-Duluth",4,"@","(8) Western Michigan",7,"","","3/3/2017","NT"
"20162017","Ferris State",1,"@","Bowling Green",6,"","WCHA Tournament","3/3/2017","WC"
"20162017","Northern Michigan",0,"@","Bemidji State",3,"","WCHA Tournament","3/3/2017","WC"
"20162017","Alaska",0,"@","Minnesota State",3,"","WCHA Tournament","3/3/2017","WC"
"20162017","Lake Superior",4,"@","Michigan Tech",6,"","WCHA Tournament","3/3/2017","WC"
"20162017","Sacred Heart",2,"@","Bentley",5,"","AHA Tournament","3/4/2017","AH"
"20162017","American International",0,"@","Mercyhurst",5,"","AHA Tournament","3/4/2017","AH"
"20162017","Niagara",0,"@","RIT",5,"","AHA Tournament","3/4/2017","AH"
"20162017","Michigan State",3,"@","(13) Ohio State",5,"","","3/4/2017","B10"
"20162017","(16) Wisconsin",0,"@","(11) Penn State",6,"","","3/4/2017","B10"
"20162017","(5) Minnesota",4,"@","Michigan",1,"","","3/4/2017","B10"
"20162017","Rensselaer",2,"@","Clarkson",4,"","ECAC Tournament","3/4/2017","EC"
"20162017","Colgate",3,"@","Princeton",4,"OT","ECAC Tournament","3/4/2017","EC"
"20162017","Brown",1,"@","Quinnipiac",5,"","ECAC Tournament","3/4/2017","EC"
"20162017","Dartmouth",2,"@","Yale",3,"OT","ECAC Tournament","3/4/2017","EC"
"20162017","New Hampshire",4,"@","Merrimack",0,"","HEA Tournament","3/4/2017","HE"
"20162017","Connecticut",2,"@","Northeastern",6,"","HEA Tournament","3/4/2017","HE"
"20162017","Massachusetts",1,"@","(10) Providence",5,"","HEA Tournament","3/4/2017","HE"
"20162017","Maine",1,"@","(14) Vermont",5,"","HEA Tournament","3/4/2017","HE"
"20162017","(15) North Dakota",5,"@","Miami",2,"","","3/4/2017","NT"
"20162017","Colorado College",2,"@","(19) St. Cloud State",1,"","","3/4/2017","NT"
"20162017","(1) Denver",3,"@","Omaha",0,"","","3/4/2017","NT"
"20162017","(3) Minnesota-Duluth",6,"@","(8) Western Michigan",3,"","","3/4/2017","NT"
"20162017","Ferris State",3,"@","Bowling Green",5,"","WCHA Tournament","3/4/2017","WC"
"20162017","Northern Michigan",4,"@","Bemidji State",2,"","WCHA Tournament","3/4/2017","WC"
"20162017","Alaska",1,"@","Minnesota State",4,"","WCHA Tournament","3/4/2017","WC"
"20162017","Lake Superior",0,"@","Michigan Tech",8,"","WCHA Tournament","3/4/2017","WC"
"20162017","Sacred Heart",2,"@","Bentley",3,"2 OT","AHA Tournament","3/5/2017","AH"
"20162017","Niagara",4,"@","RIT",1,"","AHA Tournament","3/5/2017","AH"
"20162017","Colgate",1,"@","Princeton",2,"","ECAC Tournament","3/5/2017","EC"
"20162017","New Hampshire",5,"@","Merrimack",2,"","HEA Tournament","3/5/2017","HE"
"20162017","Northern Michigan",1,"@","Bemidji State",3,"","WCHA Tournament","3/5/2017","WC"
"20162017","Bentley",0,"@","(18) Air Force",4,"","AHA Tournament","3/10/2017","AH"
"20162017","Mercyhurst",4,"@","Army West Point",6,"","AHA Tournament","3/10/2017","AH"
"20162017","Niagara",0,"@","Canisius",3,"","AHA Tournament","3/10/2017","AH"
"20162017","Holy Cross",3,"@","Robert Morris",6,"","AHA Tournament","3/10/2017","AH"
"20162017","(11) Penn State",2,"@","Michigan",3,"","","3/10/2017","B10"
"20162017","Michigan State",0,"@","(5) Minnesota",4,"","","3/10/2017","B10"
"20162017","(15) Ohio State",5,"@","(16) Wisconsin",1,"","","3/10/2017","B10"
"20162017","Clarkson",6,"@","(9) Cornell",2,"","ECAC Tournament","3/10/2017","EC"
"20162017","Yale",4,"@","(2) Harvard",6,"","ECAC Tournament","3/10/2017","EC"
"20162017","Quinnipiac",0,"@","(19) St. Lawrence",2,"","ECAC Tournament","3/10/2017","EC"
"20162017","Princeton",1,"@","(6) Union",4,"","ECAC Tournament","3/10/2017","EC"
"20162017","(13) Vermont",0,"@","(17) Boston College",7,"","HEA Tournament","3/10/2017","HE"
"20162017","Northeastern",2,"@","(8) Boston University",3,"OT","HEA Tournament","3/10/2017","HE"
"20162017","(10) Providence",0,"@","(12) Notre Dame",5,"","HEA Tournament","3/10/2017","HE"
"20162017","New Hampshire",3,"@","(4) Massachusetts-Lowell",1,"","HEA Tournament","3/10/2017","HE"
"20162017","Colorado College",1,"@","(1) Denver",4,"","NCHC Tournament","3/10/2017","NT"
"20162017","Miami",4,"@","(3) Minnesota-Duluth",5,"OT","NCHC Tournament","3/10/2017","NT"
"20162017","(20) St. Cloud State",2,"@","(14) North Dakota",5,"","NCHC Tournament","3/10/2017","NT"
"20162017","Omaha",2,"@","(7) Western Michigan",1,"OT","NCHC Tournament","3/10/2017","NT"
"20162017","Bowling Green",4,"@","Bemidji State",3,"OT","WCHA Tournament","3/10/2017","WC"
"20162017","Minnesota State",1,"@","Michigan Tech",5,"","WCHA Tournament","3/10/2017","WC"
"20162017","Bentley",1,"@","(18) Air Force",2,"","AHA Tournament","3/11/2017","AH"
"20162017","Mercyhurst",3,"@","Army West Point",2,"OT","AHA Tournament","3/11/2017","AH"
"20162017","Niagara",1,"@","Canisius",2,"","AHA Tournament","3/11/2017","AH"
"20162017","Holy Cross",2,"@","Robert Morris",3,"","AHA Tournament","3/11/2017","AH"
"20162017","(11) Penn State",0,"@","Michigan",4,"","","3/11/2017","B10"
"20162017","Michigan State",1,"@","(5) Minnesota",1,"OT","MSU Wins Shootout 2-1","3/11/2017","B10"
"20162017","(15) Ohio State",3,"@","(16) Wisconsin",1,"","","3/11/2017","B10"
"20162017","Clarkson",1,"@","(9) Cornell",2,"","ECAC Tournament","3/11/2017","EC"
"20162017","Yale",3,"@","(2) Harvard",4,"","ECAC Tournament","3/11/2017","EC"
"20162017","Quinnipiac",3,"@","(19) St. Lawrence",2,"","ECAC Tournament","3/11/2017","EC"
"20162017","Princeton",3,"@","(6) Union",4,"OT","ECAC Tournament","3/11/2017","EC"
"20162017","(13) Vermont",4,"@","(17) Boston College",7,"","HEA Tournament","3/11/2017","HE"
"20162017","Northeastern",2,"@","(8) Boston University",3,"","HEA Tournament","3/11/2017","HE"
"20162017","(10) Providence",2,"@","(12) Notre Dame",5,"","HEA Tournament","3/11/2017","HE"
"20162017","New Hampshire",1,"@","(4) Massachusetts-Lowell",3,"","HEA Tournament","3/11/2017","HE"
"20162017","Colorado College",0,"@","(1) Denver",4,"","NCHC Tournament","3/11/2017","NT"
"20162017","Miami",3,"@","(3) Minnesota-Duluth",5,"","NCHC Tournament","3/11/2017","NT"
"20162017","(20) St. Cloud State",5,"@","(14) North Dakota",6,"OT","NCHC Tournament","3/11/2017","NT"
"20162017","Omaha",2,"@","(7) Western Michigan",5,"","NCHC Tournament","3/11/2017","NT"
"20162017","Bowling Green",2,"@","Bemidji State",1,"","WCHA Tournament","3/11/2017","WC"
"20162017","Minnesota State",1,"@","Michigan Tech",0,"","WCHA Tournament","3/11/2017","WC"
"20162017","Mercyhurst",3,"@","Army West Point",4,"","AHA Tournament","3/12/2017","AH"
"20162017","Clarkson",1,"@","(9) Cornell",2,"","ECAC Tournament","3/12/2017","EC"
"20162017","Quinnipiac",3,"@","(19) St. Lawrence",2,"","ECAC Tournament","3/12/2017","EC"
"20162017","New Hampshire",2,"@","(4) Massachusetts-Lowell",8,"","HEA Tournament","3/12/2017","HE"
"20162017","Omaha",1,"@","(7) Western Michigan",2,"OT","NCHC Tournament","3/12/2017","NT"
"20162017","Minnesota State",1,"@","Michigan Tech",4,"","WCHA Tournament","3/12/2017","WC"
"20162017","Michigan State",3,"vs.","(13) Ohio State",6,"","Big Ten Tournament","3/16/2017","B10"
"20162017","Michigan",1,"vs.","(15) Penn State",4,"","Big Ten Tournament","3/16/2017","B10"
"20162017","Army West Point",0,"vs.","(17) Air Force",1,"","AHA Tournament","3/17/2017","AH"
"20162017","Robert Morris",6,"vs.","(20) Canisius",2,"","AHA Tournament","3/17/2017","AH"
"20162017","(15) Penn State",4,"vs.","(5) Minnesota",3,"2 OT","Big Ten Tournament","3/17/2017","B10"
"20162017","(13) Ohio State",1,"vs.","(18) Wisconsin",2,"","Big Ten Tournament","3/17/2017","B10"
"20162017","(19) Quinnipiac",1,"vs.","(2) Harvard",4,"","ECAC Tournament","3/17/2017","EC"
"20162017","(9) Cornell",4,"vs.","(6) Union",1,"","ECAC Tournament","3/17/2017","EC"
"20162017","(14) Boston College",3,"vs.","(7) Boston University",2,"","HEA Tournament","3/17/2017","HE"
"20162017","(10) Notre Dame",1,"vs.","(4) Massachusetts-Lowell",5,"","HEA Tournament","3/17/2017","HE"
"20162017","(11) North Dakota",1,"vs.","(1) Denver",0,"","NCHC Tournament","3/17/2017","NT"
"20162017","(8) Western Michigan",2,"vs.","(3) Minnesota-Duluth",5,"","NCHC Tournament","3/17/2017","NT"
"20162017","Robert Morris",1,"vs.","(17) Air Force",2,"","AHA Tournament","3/18/2017","AH"
"20162017","(15) Penn State",2,"vs.","(18) Wisconsin",1,"2 OT","Big Ten Tournament","3/18/2017","B10"
"20162017","(9) Cornell",1,"vs.","(2) Harvard",4,"","ECAC Tournament","3/18/2017","EC"
"20162017","(14) Boston College",3,"vs.","(4) Massachusetts-Lowell",4,"","HEA Tournament","3/18/2017","HE"
"20162017","(8) Western Michigan",1,"vs.","(1) Denver",3,"","NCHC Tournament","3/18/2017","NT"
"20162017","(11) North Dakota",3,"vs.","(3) Minnesota-Duluth",4,"","NCHC Tournament","3/18/2017","NT"
"20162017","Bowling Green",2,"@","Michigan Tech",3,"2 OT","WCHA Tournament","3/18/2017","WC"
"20162017","(13) Providence",0,"vs.","(2) Harvard",3,"","NCAA East Regional","3/24/2017","NC"
"20162017","(15) Air Force",5,"vs.","(8) Western Michigan",4,"","NCAA East Regional","3/24/2017","NC"
"20162017","(10) North Dakota",3,"vs.","(6) Boston University",4,"2 OT","NCAA West Regional","3/24/2017","NC"
"20162017","(14) Ohio State",2,"vs.","(3) Minnesota-Duluth",3,"OT","NCAA West Regional","3/24/2017","NC"
"20162017","(15) Air Force",2,"vs.","(2) Harvard",3,"","NCAA East Regional","3/25/2017","NC"
"20162017","(6) Boston University",2,"vs.","(3) Minnesota-Duluth",3,"OT","NCAA West Regional","3/25/2017","NC"
"20162017","(19) Michigan Tech",2,"vs.","(1) Denver",5,"","NCAA Midwest Regional","3/25/2017","NC"
"20162017","(11) Penn State",10,"vs.","(7) Union",3,"","NCAA Midwest Regional","3/25/2017","NC"
"20162017","(9) Cornell",0,"vs.","(4) Massachusetts-Lowell",5,"","NCAA Northeast Regional","3/25/2017","NC"
"20162017","(12) Notre Dame",3,"vs.","(5) Minnesota",2,"","NCAA Northeast Regional","3/25/2017","NC"
"20162017","(11) Penn State",3,"vs.","(1) Denver",6,"","NCAA Midwest Regional","3/26/2017","NC"
"20162017","(12) Notre Dame",3,"vs.","(4) Massachusetts-Lowell",2,"OT","NCAA Northeast Regional","3/26/2017","NC"
"20162017","(12) Notre Dame",1,"vs.","(1) Denver",6,"","NCAA Tournament","4/6/2017","NC"
"20162017","(2) Harvard",1,"vs.","(3) Minnesota-Duluth",2,"","NCAA Tournament","4/6/2017","NC"
"20162017","(3) Minnesota-Duluth",2,"vs.","(1) Denver",3,"","NCAA Tournament","4/8/2017","NC"
