"Rk","Player","Start.Year","End.Date","Position","GP","G","A","PTS","Plus-Minus","PIM","W","L","TO","SV","GAA","Birthplace","Birth.Date","Death.Date"
"1","Ramzi Abid","2003","2007","LW","68","14","16","30","-11","78","","","","","","Montreal","1980-03-24",""
"2","Art Alexandre","1932","1933","LW","11","0","2","2","","8","","","","","","St-Jean","1909-03-02","1976-04-11"
"3","Shawn Anderson","1987","1995","D","255","11","51","62","1","117","","","","","","Montreal","1968-02-07",""
"4","Michel Archambault","1977","1977","LW","3","0","0","0","-3","0","","","","","","St-Hyacinthe","1950-09-27",""
"5","Jean-Sebastien Aubin","1999","2008","G","218","0","3","3","0","10","80","83","16",".900","2.93","Montreal","1977-07-19",""
"6","Norm Aubin","1982","1983","C","69","18","13","31","-25","30","","","","","","St-Leonard","1960-07-26",""
"7","Serge Aubin","1999","2006","LW","374","44","64","108","-45","361","","","","","","Val-d'Or","1975-02-15",""
"8","Pierre Aubry","1981","1985","LW","202","24","26","50","-20","133","","","","","","Cap-de-la-Madeleine","1960-04-15",""
"9","Ossie Aubuchon","1943","1944","LW","50","20","12","32","","4","","","","","","St-Hyacinthe","1917-01-01","1970-09-10"
"10","Donald Audette","1991","2004","RW","735","260","249","509","-17","584","","","","","","Laval","1969-09-23",""
"11","Joel Baillargeon","1987","1989","LW","20","0","2","2","-6","31","","","","","","Quebec City","1964-10-06",""
"12","Mark Barberio","2013","2017","D","183","10","28","38","1","64","","","","","","Montreal","1990-03-23",""
"13","Marco Baron","1980","1985","G","86","0","4","4","0","56","34","38","9",".861","3.63","Montreal","1959-04-08",""
"14","Normand Baron","1984","1986","LW","27","2","0","2","-9","51","","","","","","Verdun","1957-12-15",""
"15","Marty Barry*","1928","1940","C","509","195","192","387","","231","","","","","","Quebec City","1905-12-08","1969-08-20"
"16","Jim Bartlett","1955","1961","LW","191","34","23","57","","273","","","","","","Verdun","1932-05-27",""
"17","Francois Beauchemin","2003","2017","D","826","71","197","268","5","458","","","","","","Sorel","1980-06-04",""
"18","Serge Beaudoin","1980","1980","D","3","0","0","0","-1","0","","","","","","Montreal","1952-11-30",""
"19","Yves Beaudoin","1986","1988","D","11","0","0","0","-9","5","","","","","","Pointe-aux-Trembles","1965-01-07",""
"20","Stephane Beauregard","1990","1994","G","90","0","2","2","0","6","19","39","11",".879","3.65","Cowansville","1968-01-10",""
"21","Anthony Beauvillier","2017","2017","LW","55","8","11","19","-5","8","","","","","","Sorel-Tracy","1997-06-08",""
"22","Steve Begin","1998","2013","C","524","56","52","108","-21","561","","","","","","Trois-Rivieres","1978-06-14",""
"23","Alain Belanger","1978","1978","RW","9","0","1","1","0","6","","","","","","St-Janvier","1956-01-18",""
"24","Eric Belanger","2001","2013","C","820","138","220","358","-24","361","","","","","","Sherbrooke","1977-12-16",""
"25","Francis Belanger","2001","2001","LW","10","0","0","0","-3","29","","","","","","Bellefeuille","1978-01-15",""
"26","Jesse Belanger","1992","2001","C","246","59","76","135","-20","56","","","","","","St-Georges-de-Beauce","1969-06-15",""
"27","Yves Belanger","1975","1980","G","78","0","5","5","0","4","29","33","6","","3.76","Baie Comeau","1952-09-30",""
"28","Michel Belhumeur","1973","1976","G","65","0","4","4","0","12","9","36","7","","4.61","Sorel","1949-09-02",""
"29","Jean Beliveau*","1951","1971","C","1125","507","712","1219","67","1029","","","","","","Trois-Rivieres","1931-08-31","2014-12-02"
"30","Billy Bell","1918","1924","C/RW","66","3","2","5","","14","","","","","","Lachine","1891-06-10","1952-06-03"
"31","Pete Bellefeuille","1926","1930","RW","92","26","4","30","","58","","","","","","Trois-Rivieres","1901-10-19",""
"32","Jean-Claude Bergeron","1991","1997","G","72","0","2","2","0","4","21","33","7",".866","3.69","Hauterive","1968-10-14",""
"33","Marc-Andre Bergeron","2003","2013","D","490","82","153","235","-12","214","","","","","","Trois-Rivieres","1980-10-13",""
"34","Michel Bergeron","1975","1979","RW","229","80","58","138","-37","165","","","","","","Chicoutimi","1954-11-11",""
"35","Patrice Bergeron","2004","2017","C","890","255","411","666","132","338","","","","","","Ancienne-Lorette","1985-07-24",""
"36","Yves Bergeron","1975","1977","RW","3","0","0","0","-3","0","","","","","","Malartic","1952-01-11",""
"37","Marc Bergevin","1985","2004","D","1191","36","145","181","-72","1090","","","","","","Montreal","1965-08-11",""
"38","Louis Berlinguette","1918","1926","LW","193","45","33","78","","129","","","","","","Ste-AngÃ©lique","1887-05-26","1959-06-01"
"39","Jonathan Bernier","2008","2017","G","245","0","4","4","0","10","103","95","26",".915","2.65","Laval","1988-08-07",""
"40","Serge Bernier","1969","1981","RW","302","78","119","197","-58","234","","","","","","Padoue","1947-04-29",""
"41","Steve Bernier","2006","2016","RW","633","105","125","230","-13","300","","","","","","Quebec City","1985-03-31",""
"42","Bob Berry","1969","1977","LW","541","159","191","350","-6","344","","","","","","Montreal","1943-11-29",""
"43","Daniel Berthiaume","1987","1994","G","215","0","4","4","0","34","81","90","21",".878","3.67","Longueuil","1966-01-26",""
"44","Eric Bertrand","2000","2001","LW","15","0","0","0","-6","4","","","","","","St-Ephrem","1975-04-16",""
"45","Jean-Francois Berube","2016","2017","G","21","0","0","0","0","0","6","4","3",".900","3.11","Repentigny","1991-07-13",""
"46","John Bethel","1980","1980","LW","17","0","2","2","-3","4","","","","","","Montreal","1957-01-15",""
"47","Antoine Bibeau","2017","2017","G","2","0","0","0","0","0","1","1","0",".927","1.98","Victoriaville","1994-05-01",""
"48","Paul Bibeault","1941","1947","G","214","0","0","0","","2","81","107","25","","3.65","Montreal","1919-04-13","1970-02-08"
"49","Alex Biega","2015","2017","D","87","1","10","11","-14","40","","","","","","Montreal","1988-04-04",""
"50","Danny Biega","2015","2015","D","10","0","2","2","-5","0","","","","","","Montreal","1991-09-29",""
"51","Gilles Bilodeau","1980","1980","LW","9","0","1","1","-1","25","","","","","","St-Prime","1955-07-31","2008-08-12"
"52","Andre Binette","1955","1955","G","1","0","0","0","","0","1","0","0","","4.00","Montreal","1933-12-02",""
"53","Martin Biron","1996","2014","G","508","0","14","14","0","81","230","191","52",".910","2.61","Lac-St-Charles","1977-08-15",""
"54","Mathieu Biron","2000","2006","D","253","12","32","44","-69","177","","","","","","Lac-St-Charles","1980-04-29",""
"55","Sebastien Bisaillon","2007","2007","D","2","0","0","0","-1","0","","","","","","Mont-Laurier","1986-12-08",""
"56","Bob Blackburn","1969","1971","D","135","8","12","20","-10","105","","","","","","Rouyn","1938-02-01",""
"57","Dan Blackburn","2002","2003","G","63","0","0","0","0","12","20","32","4",".894","3.22","Montreal","1983-05-20",""
"58","Nicolas Blanchard","2013","2013","LW","9","0","0","0","-2","20","","","","","","Granby","1987-05-31",""
"59","Russ Blinco","1934","1939","C","268","59","66","125","","24","","","","","","Grand'Mere","1908-03-12","1982"
"60","Sylvain Blouin","1997","2003","LW","115","3","4","7","-20","336","","","","","","Montreal","1974-05-21",""
"61","Marc Boileau","1962","1962","C","54","5","6","11","","8","","","","","","Pointe Claire","1932-09-03","2000-12-27"
"62","Patrick Boileau","1997","2004","D","48","5","11","16","-13","26","","","","","","Montreal","1975-02-22",""
"63","Rene Boileau","1926","1926","C","7","0","0","0","","0","","","","","","Pointe Claire","1904-05-18","1969"
"64","Gilles Boisvert","1960","1960","G","3","0","0","0","","0","0","3","0","","3.00","Trois-Rivieres","1933-02-15",""
"65","Serge Boisvert","1983","1988","RW","46","5","7","12","-12","8","","","","","","Drummondville","1959-06-01",""
"66","Claude Boivin","1992","1995","LW","132","12","19","31","-25","364","","","","","","Ste-Foy","1970-03-01",""
"67","Mike Boland","1975","1975","RW","2","0","0","0","0","0","","","","","","Montreal","1949-12-16",""
"68","Alexandre Bolduc","2009","2015","C","65","2","3","5","-7","44","","","","","","Montreal","1985-06-26",""
"69","Michel Bolduc","1982","1983","D","10","0","0","0","2","6","","","","","","Angegardien","1961-03-13",""
"70","Marcel Bonin","1953","1962","W","454","97","175","272","","336","","","","","","Montreal","1932-09-12",""
"71","Christian Bordeleau","1969","1972","C","205","38","65","103","9","82","","","","","","Noranda","1947-09-23",""
"72","J.P. Bordeleau","1972","1980","RW","519","97","126","223","-4","143","","","","","","Noranda","1949-06-13",""
"73","Patrick Bordeleau","2013","2015","LW","129","8","8","16","-8","185","","","","","","Montreal","1986-03-23",""
"74","Paulin Bordeleau","1974","1976","RW","183","33","56","89","-8","47","","","","","","Noranda","1953-01-29",""
"75","Mike Bossy*","1978","1987","RW","752","573","553","1126","381","210","","","","","","Montreal","1957-01-22",""
"76","Butch Bouchard*","1942","1956","D","785","49","144","193","","863","","","","","","Montreal","1919-09-04","2012-04-14"
"77","Dan Bouchard","1973","1986","G","655","0","29","29","0","253","286","232","113",".876","3.26","Val-d'Or","1950-12-12",""
"78","Edmond Bouchard","1922","1929","LW/D","211","19","21","40","","117","","","","","","St-Etienne","1892-05-24","1955-07-18"
"79","Joel Bouchard","1995","2006","D","364","22","53","75","-43","264","","","","","","Montreal","1974-01-23",""
"80","Pierre Bouchard","1971","1982","D","595","24","82","106","110","433","","","","","","Montreal","1948-02-20",""
"81","Pierre-Marc Bouchard","2003","2014","C","593","110","246","356","6","190","","","","","","Sherbrooke","1984-04-27",""
"82","Philippe Boucher","1993","2009","D","748","94","206","300","57","702","","","","","","Ste-Apollinaire","1973-03-24",""
"83","Andre Boudrias","1964","1976","LW","662","151","340","491","-59","216","","","","","","Montreal","1943-09-19",""
"84","Conrad Bourcier","1936","1936","C","6","0","0","0","","0","","","","","","Montreal","1915-05-28",""
"85","Jean Bourcier","1936","1936","LW","9","0","1","1","","0","","","","","","Montreal","1911-01-03","1989"
"86","Marc-Andre Bourdon","2012","2012","D","45","4","3","7","4","52","","","","","","St-Hyacinthe","1989-09-17",""
"87","Michael Bournival","2014","2017","LW","106","11","10","21","-7","24","","","","","","Shawinigan","1992-05-31",""
"88","Gabriel Bourque","2012","2017","LW","248","31","47","78","-14","46","","","","","","Rimouski","1990-09-23",""
"89","Ray Bourque*","1980","2001","D","1612","410","1169","1579","528","1141","","","","","","Montreal","1960-12-28",""
"90","Neil Brady","1990","1994","C","89","9","22","31","-26","95","","","","","","Montreal","1968-04-12",""
"91","Derick Brassard","2008","2017","C","635","140","240","380","-3","314","","","","","","Hull","1987-09-22",""
"92","Francis Breault","1991","1993","RW","27","2","4","6","-2","42","","","","","","Acton Vale","1967-05-11",""
"93","Daniel Briere","1998","2015","C","973","307","389","696","-24","744","","","","","","Gatineau","1977-10-06",""
"94","Michel Briere","1970","1970","C","76","12","32","44","-15","20","","","","","","Malartic","1949-10-21","1971-04-13"
"95","Patrice Brisebois","1991","2009","D","1009","98","322","420","1","623","","","","","","Montreal","1971-01-27",""
"96","Martin Brochu","1999","2004","G","9","0","0","0","0","2","0","5","0",".876","3.58","Anjou","1973-03-10",""
"97","Stephane Brochu","1989","1989","D","1","0","0","0","1","0","","","","","","Sherbrooke","1967-08-15",""
"98","Connie Broden","1956","1958","C","6","2","1","3","","2","","","","","","Montreal","1932-04-06","2013-11-23"
"99","Martin Brodeur","1992","2015","G","1266","2","45","47","0","122","691","397","154",".912","2.24","Montreal","1972-05-06",""
"100","Richard Brodeur","1980","1988","G","385","0","8","8","0","26","131","175","62",".864","3.85","Longueuil","1952-09-15",""
"101","Frank Brophy","1920","1920","G","21","0","0","0","","0","3","18","0","","7.11","Quebec City","1900-08-09","1930-06-29"
"102","Julien Brouillette","2014","2015","D","11","1","1","2","3","0","","","","","","St. Espirit","1986-12-05",""
"103","Paul Brousseau","1996","2001","RW","26","1","3","4","-3","29","","","","","","Pierrefonds","1973-09-18",""
"104","Steve Brule","2003","2003","RW","2","0","0","0","0","0","","","","","","Montreal","1975-01-15",""
"105","Benoit Brunet","1989","2002","LW","539","101","161","262","45","229","","","","","","Ste-Anne-de-Bellevue","1968-08-24",""
"106","Mario Brunetta","1988","1990","G","40","0","0","0","0","16","12","17","1",".871","3.90","Quebec City","1967-01-25",""
"107","Bucky Buchanan","1949","1949","C/RW","2","0","0","0","","0","","","","","","Bout-de-L'Isle","1922-12-28","2005-04-24"
"108","Ron Buchanan","1967","1970","C","5","0","0","0","-1","0","","","","","","Montreal","1944-11-15",""
"109","Hy Buller","1944","1954","D","188","22","58","80","","215","","","","","","Montreal","1926-03-15","1968-08-03"
"110","Fred Burchell","1951","1954","C","4","0","0","0","","2","","","","","","Montreal","1931-01-09","1998-06-04"
"111","Marc Bureau","1990","2000","C","567","55","83","138","-47","327","","","","","","Trois-Rivieres","1966-05-19",""
"112","Kelly Burnett","1953","1953","C","3","1","0","1","","0","","","","","","Lachine","1926-06-16",""
"113","Robin Burns","1971","1976","LW","190","31","38","69","-89","139","","","","","","Montreal","1946-08-27",""
"114","Alexandre Burrows","2006","2017","LW","833","197","194","391","111","1066","","","","","","Pincourt","1981-04-11",""
"115","Walt Buswell","1933","1940","D","368","10","40","50","","164","","","","","","Montreal","1907-11-06","1991-10-16"
"116","Dave Campbell","1921","1921","D","2","0","0","0","","0","","","","","","Lachute","1896-04-27","1975-02-18"
"117","Earl Campbell","1924","1926","D","76","6","3","9","","14","","","","","","Buckingham","1900-07-23","1953-02-11"
"118","Tod Campeau","1944","1949","C","42","5","9","14","","16","","","","","","St-Jerome","1923-06-04","2009-12-31"
"119","Guy Carbonneau","1981","2000","C","1318","260","403","663","186","820","","","","","","Sept-Iles","1960-03-18",""
"120","Claude Cardin","1968","1968","LW","1","0","0","0","-1","0","","","","","","Sorel","1941-02-17",""
"121","Mathieu Carle","2010","2010","D","3","0","0","0","1","4","","","","","","Gatineau","1987-09-30",""
"122","Alain Caron","1968","1969","RW","60","9","13","22","-22","18","","","","","","Dolbeau","1938-04-27","1986-12-18"
"123","Jacques Caron","1968","1974","G","72","0","1","1","0","2","24","29","11","","3.29","Noranda","1940-04-21",""
"124","Jordan Caron","2011","2016","RW","157","12","16","28","-9","78","","","","","","Sayabec","1990-11-02",""
"125","Sebastien Caron","2003","2012","G","95","0","1","1","0","12","26","48","12",".892","3.44","Amqui","1980-06-25",""
"126","Alexandre Carrier","2017","2017","D","2","0","0","0","1","0","","","","","","Quebec City","1996-10-08",""
"127","William Carrier","2017","2017","LW","35","4","2","6","2","17","","","","","","LaSalle","1994-12-20",""
"128","Larry Carriere","1973","1980","D","367","16","74","90","9","462","","","","","","Montreal","1952-01-30",""
"129","Ron Carter","1980","1980","RW","2","0","0","0","0","0","","","","","","Montreal","1958-03-14",""
"130","Frederic Cassivi","2002","2007","G","13","0","0","0","0","0","3","6","1",".892","3.63","Sorel","1975-06-12",""
"131","Sebastien Centomo","2002","2002","G","1","0","0","0","0","0","0","0","0",".750","4.50","Montreal","1981-03-26",""
"132","Frederic Chabot","1991","1999","G","32","0","0","0","0","2","4","8","4",".894","2.95","Hebertville-Station","1968-02-12",""
"133","Lorne Chabot","1927","1937","G","411","0","0","0","","10","201","147","62","","2.03","Montreal","1900-10-05","1946-10-10"
"134","Thomas Chabot","2017","2017","D","1","0","0","0","-2","0","","","","","","Sainte-Marie","1997-01-30",""
"135","Murph Chamberlain","1938","1949","LW","510","100","175","275","","769","","","","","","Shawville","1915-02-14","1986-05-08"
"136","Bob Champoux","1974","1974","G","17","0","0","0","0","0","2","11","3","","5.20","Ste-Hilaire","1942-12-02",""
"137","Michael Chaput","2014","2017","C","116","6","10","16","-12","53","","","","","","Ile Bizard","1992-04-09",""
"138","Jose Charbonneau","1988","1995","RW","71","9","13","22","-6","67","","","","","","Ferme-Neuve","1966-11-21",""
"139","Stephane Charbonneau","1992","1992","RW","2","0","0","0","-2","0","","","","","","Ste-Adele","1970-06-27",""
"140","Sebastien Charpentier","2002","2004","G","26","0","0","0","0","0","6","14","1",".902","2.93","Drummondville","1977-04-18",""
"141","Eric Charron","1993","2000","D","130","2","7","9","-10","127","","","","","","Verdun","1970-01-14",""
"142","Guy Charron","1970","1981","C","734","221","309","530","-208","146","","","","","","Verdun","1949-01-24",""
"143","Denis Chasse","1994","1997","RW","132","11","14","25","2","292","","","","","","Montreal","1970-02-07",""
"144","Alex Chiasson","2013","2017","RW","311","48","55","103","-24","192","","","","","","Montreal","1990-10-01",""
"145","Dan Chicoine","1978","1980","RW","31","1","2","3","-12","12","","","","","","Sherbrooke","1957-11-30",""
"146","Guy Chouinard","1975","1984","C","578","205","370","575","-2","120","","","","","","Quebec City","1956-10-20",""
"147","Marc Chouinard","2001","2007","C","320","37","41","78","-9","123","","","","","","Charlesbourg","1977-05-06",""
"148","Mathieu Chouinard","2004","2004","G","1","0","0","0","0","0","0","0","0","1.000","0.00","Laval","1980-04-11",""
"149","Jeff Chychrun","1987","1994","D","262","3","22","25","-14","744","","","","","","LaSalle","1966-05-03",""
"150","Enrico Ciccone","1992","2001","D","374","10","18","28","-11","1469","","","","","","Montreal","1970-04-10",""
"151","Odie Cleghorn","1919","1928","RW/C","181","95","34","129","","142","1","0","0","","2.00","Montreal","1891-09-19","1956-07-14"
"152","Sprague Cleghorn*","1919","1928","D","259","83","55","138","","538","0","0","0","","0.00","Montreal","1890-03-11","1956-07-12"
"153","Bill Clement","1972","1982","C","719","148","208","356","-22","383","","","","","","Thurso","1950-12-20",""
"154","Marc-Andre Cliche","2010","2015","C","151","3","11","14","-12","34","","","","","","Rouyn-Noranda","1987-03-23",""
"155","Bruce Cline","1957","1957","RW","30","2","3","5","","10","","","","","","Massawippi","1931-11-14",""
"156","Dan Cloutier","1998","2008","G","351","0","5","5","0","147","139","142","37",".899","2.77","Mont-Laurier","1976-04-22",""
"157","Jacques Cloutier","1982","1994","G","255","0","7","7","0","51","82","102","24",".874","3.64","Noranda","1960-01-03",""
"158","Real Cloutier","1980","1985","RW","317","146","198","344","15","119","","","","","","Ste-Emile","1956-07-30",""
"159","Rejean Cloutier","1980","1982","D","5","0","2","2","2","2","","","","","","Windsor","1960-02-15",""
"160","Roland Cloutier","1978","1980","C","34","8","9","17","-1","2","","","","","","Rouyn","1957-10-06",""
"161","Sylvain Cloutier","1999","1999","C","7","0","0","0","-1","0","","","","","","Mont-Laurier","1974-02-13",""
"162","Rey Comeau","1972","1980","C","564","98","141","239","-10","175","","","","","","Montreal","1948-10-25",""
"163","Bert Connelly","1935","1938","LW","87","13","15","28","","37","","","","","","Montreal","1909-04-22",""
"164","Wayne Connelly","1961","1972","C","543","133","174","307","-87","156","","","","","","Rouyn","1939-12-16",""
"165","Rene Corbet","1994","2001","LW","362","58","74","132","23","420","","","","","","Victoriaville","1973-06-25",""
"166","Roger Cormier","1926","1926","RW","1","0","0","0","","0","","","","","","Montreal","1905-03-23","1971-02-09"
"167","Philippe Cornet","2012","2012","LW","2","0","1","1","0","0","","","","","","Val-Senneville","1990-03-28",""
"168","Mark Cornforth","1996","1996","D","6","0","0","0","4","4","","","","","","Montreal","1972-11-13",""
"169","Andre Corriveau","1954","1954","RW","3","0","1","1","","0","","","","","","Grand'Mere","1928-05-15","1993-10-01"
"170","Jim Corsi","1980","1980","G","26","0","3","3","0","6","8","14","3","","3.65","Montreal","1954-06-19",""
"171","Daniel Corso","2001","2004","C","77","14","11","25","0","20","","","","","","Montreal","1978-04-03",""
"172","Jacques Cossette","1976","1979","RW","64","8","6","14","-8","29","","","","","","Rouyn","1954-06-20",""
"173","Alain Cote","1980","1989","LW","696","103","190","293","17","383","","","","","","Matane","1957-05-03",""
"174","Alain Cote","1986","1994","D","119","2","18","20","4","124","","","","","","Montmagny","1967-04-14",""
"175","Jean-Philippe Cote","2006","2014","D","27","0","4","4","2","26","","","","","","Charlesbourg","1982-04-22",""
"176","Patrick Cote","1996","2001","LW","105","1","2","3","-19","377","","","","","","LaSalle","1975-01-24",""
"177","Sylvain Cote","1985","2003","D","1171","122","313","435","39","545","","","","","","Quebec","1966-01-19",""
"178","Patrick Coulombe","2007","2007","D","7","0","1","1","-6","4","","","","","","St-Fabien","1985-04-23",""
"179","Yvan Cournoyer*","1964","1979","RW","968","428","435","863","271","255","","","","","","Drummondville","1943-11-22",""
"180","Maurice Courteau","1944","1944","G","6","0","0","0","","0","2","4","0","","5.50","Quebec City","1920-02-18","1985"
"181","Yves Courteau","1985","1987","RW","22","2","5","7","-3","4","","","","","","Montreal","1964-04-25",""
"182","Ed Courtenay","1992","1993","RW","44","7","13","20","-21","10","","","","","","Verdun","1968-02-02",""
"183","Marcel Cousineau","1997","2000","G","26","0","1","1","0","0","4","10","1",".900","2.92","Delson","1973-04-30",""
"184","Sylvain Couturier","1989","1992","C","33","4","5","9","-6","4","","","","","","Greenfield Park","1968-04-23",""
"185","Bill Cowley*","1935","1947","C","549","195","353","548","","143","","","","","","Bristol","1912-06-12","1993-12-31"
"186","Corey Crawford","2006","2017","G","374","0","5","5","0","16","211","112","42",".918","2.37","Montreal","1984-12-31",""
"187","Maurice Croghan","1938","1938","D","16","0","0","0","","4","","","","","","Montreal","1914-11-19","1979-02-07"
"188","Nels Crutchfield","1935","1935","C","41","5","5","10","","20","","","","","","Knowlton","1911-07-12","1985-07-22"
"189","Glen Currie","1980","1988","C","326","39","79","118","18","100","","","","","","Montreal","1958-07-18",""
"190","Jean Cusson","1968","1968","LW","2","0","0","0","-1","0","","","","","","Verdun","1942-10-05",""
"191","Claude Cyr","1959","1959","G","1","0","0","0","","0","0","0","0","","3.00","Montreal","1939-03-27",""
"192","Denis Cyr","1981","1986","RW","193","41","43","84","4","36","","","","","","Verdun","1961-02-04",""
"193","Pierre Dagenais","2001","2006","RW","142","35","23","58","0","58","","","","","","Blainville","1978-03-04",""
"194","Alain Daigle","1975","1980","RW","389","56","50","106","-41","122","","","","","","Trois-Rivieres","1954-08-24",""
"195","Alexandre Daigle","1994","2006","C","616","129","198","327","-176","186","","","","","","Montreal","1975-02-07",""
"196","J.J. Daigneault","1985","2001","D","899","53","197","250","-6","687","","","","","","Montreal","1965-10-12",""
"197","Jean-Francois Damphousse","2002","2002","G","6","0","0","0","0","0","1","3","0",".896","2.45","St-Alexis-des-Monts","1979-07-21",""
"198","Vincent Damphousse","1987","2004","C","1378","432","773","1205","9","1190","","","","","","Montreal","1967-12-17",""
"199","Phillip Danault","2015","2017","LW","126","15","30","45","-3","42","","","","","","Victoriaville","1993-02-24",""
"200","Mathieu Dandenault","1996","2009","D","868","68","135","203","42","516","","","","","","Sherbrooke","1976-02-03",""
"201","Yann Danis","2006","2016","G","55","0","0","0","0","0","17","22","4",".908","2.79","Lafontaine","1981-06-21",""
"202","Dan Daoust","1983","1990","C","522","87","167","254","-93","544","","","","","","Montreal","1960-02-29",""
"203","Mathieu Darche","2001","2012","LW","250","30","42","72","-20","58","","","","","","St. Laurent","1976-11-26",""
"204","Laurent Dauphin","2016","2017","C","32","3","1","4","-2","16","","","","","","Repentigny","1995-03-26",""
"205","Richard David","1980","1983","LW","31","4","4","8","-7","10","","","","","","Notre Dame de-la-Salette","1958-04-08",""
"206","Bob Davis","1933","1933","RW","3","0","0","0","","0","","","","","","Lachine","1899-02-02","1970-07-05"
"207","Eric Daze","1995","2006","RW","601","226","172","398","8","176","","","","","","Montreal","1975-07-02",""
"208","Lucien DeBlois","1978","1992","C","993","249","276","525","-170","814","","","","","","Joliette","1957-06-21",""
"209","Denis DeJordy","1963","1974","G","316","0","3","3","0","2","124","128","51","","3.13","St-Hyacinthe","1938-11-12",""
"210","Jonathan Delisle","1999","1999","RW","1","0","0","0","0","0","","","","","","Ste-Anne-des-Plaines","1977-06-30","2006-03-16"
"211","Xavier Delisle","1999","2001","C","16","3","2","5","-5","6","","","","","","Quebec City","1977-05-24",""
"212","Gilbert Delorme","1982","1990","D","541","31","92","123","40","520","","","","","","Boucherville","1962-11-25",""
"213","Jason Demers","2010","2017","D","495","37","131","168","29","307","","","","","","Dorval","1988-06-09",""
"214","Tony Demers","1938","1944","RW","83","20","22","42","","23","","","","","","Chambly","1917-07-22","1997-09-03"
"215","Jean-Paul Denis","1947","1950","RW","10","0","2","2","","2","","","","","","Montreal","1924-02-28",""
"216","Marc Denis","1997","2009","G","349","0","6","6","0","32","112","179","31",".902","3.02","Montreal","1977-08-01",""
"217","Philippe DeRouville","1995","1997","G","3","0","0","0","0","0","1","2","0",".903","3.16","Victoriaville","1974-08-07",""
"218","Gerard Desaulniers","1951","1954","C","8","0","2","2","","4","","","","","","Shawinigan Falls","1928-12-31","1984-11-26"
"219","Guillaume Desbiens","2010","2012","RW","23","0","0","0","-4","37","","","","","","Alma","1985-04-20",""
"220","Matthieu Descoteaux","2001","2001","D","5","1","1","2","-2","4","","","","","","Pierreville","1977-09-23",""
"221","David Desharnais","2010","2017","C","443","81","173","254","38","136","","","","","","Laurier-Station","1986-09-14",""
"222","Eric Desjardins","1989","2006","D","1143","136","439","575","198","757","","","","","","Rouyn","1969-06-14",""
"223","Martin Desjardins","1990","1990","C","8","0","2","2","-4","2","","","","","","Ste-Rose","1967-01-28",""
"224","Jacques Deslauriers","1956","1956","D","2","0","0","0","","0","","","","","","Montreal","1928-09-03",""
"225","Jeff Deslauriers","2009","2012","G","62","0","4","4","0","8","23","32","4",".901","3.24","Saint-Jean-sur-Richelieu","1984-05-15",""
"226","Nicolas Deslauriers","2014","2017","LW","207","12","18","30","-54","186","","","","","","Lasalle","1991-02-22",""
"227","Simon Despres","2012","2017","D","193","6","37","43","31","150","","","","","","Laval","1991-07-27",""
"228","Bill Dineen","1954","1958","RW","323","51","44","95","","122","","","","","","Arvida","1932-09-18","2016-12-10"
"229","Gary Dineen","1969","1969","C","4","0","1","1","-2","0","","","","","","Montreal","1943-12-24","2006-04-01"
"230","Gord Dineen","1983","1995","D","528","16","90","106","-56","695","","","","","","Quebec City","1962-09-21",""
"231","Kevin Dineen","1985","2003","RW","1188","355","405","760","-23","2229","","","","","","Quebec City","1963-10-28",""
"232","Connie Dion","1944","1945","G","38","0","0","0","","0","23","11","4","","3.13","St-Remi-de-Rinqwick","1918-08-11","2014-11-07"
"233","Michel Dion","1980","1985","G","227","0","6","6","0","24","60","118","32",".856","4.24","Granby","1954-02-11",""
"234","Gilbert Dionne","1991","1996","LW","223","61","79","140","-3","108","","","","","","Drummondville","1970-09-19",""
"235","Marcel Dionne*","1972","1989","C","1348","731","1040","1771","28","600","","","","","","Drummondville","1951-08-03",""
"236","Jason Doig","1996","2004","D","158","6","18","24","-21","285","","","","","","Montreal","1977-01-29",""
"237","Bobby Dollas","1984","2001","D","646","42","96","138","37","467","","","","","","Montreal","1965-01-31",""
"238","Louis Domingue","2015","2017","G","74","0","1","1","0","0","25","34","7",".909","2.88","St-Hyacinthe","1992-03-06",""
"239","Gord Donnelly","1984","1995","D","554","28","41","69","-58","2069","","","","","","Montreal","1962-04-05",""
"240","Andre Dore","1979","1985","D","257","14","81","95","36","261","","","","","","Montreal","1958-02-11",""
"241","Daniel Dore","1990","1991","RW","17","2","3","5","-7","59","","","","","","Ferme-Neuve","1970-04-09",""
"242","Mario Doyon","1989","1991","D","28","3","4","7","-2","16","","","","","","Quebec City","1968-08-27",""
"243","Tom Draper","1989","1996","G","53","0","3","3","0","4","19","23","5",".877","3.70","Outremont","1966-11-20",""
"244","Rene Drolet","1972","1975","RW","2","0","0","0","0","0","","","","","","Quebec City","1944-11-13",""
"245","Jonathan Drouin","2015","2017","LW","154","25","62","87","-3","54","","","","","","Ste-Agathe","1995-03-28",""
"246","Jude Drouin","1969","1981","C","666","151","305","456","8","346","","","","","","Mont Louis","1948-10-28",""
"247","P.C. Drouin","1997","1997","LW","3","0","0","0","1","0","","","","","","St-Lambert","1974-04-22",""
"248","Polly Drouin","1935","1941","LW","160","23","50","73","","80","","","","","","Verdun","1916-01-16","1968-01-01"
"249","Christian Dube","1997","1999","C","33","1","1","2","-4","4","","","","","","Sherbrooke","1977-04-25",""
"250","Gilles Dube","1950","1950","LW","12","1","2","3","","2","","","","","","Sherbrooke","1927-06-02","2016-09-29"
"251","Norm Dube","1975","1976","LW","57","8","10","18","-12","54","","","","","","Sherbrooke","1951-09-12",""
"252","Steve Dubinsky","1994","2003","C","375","25","45","70","-26","164","","","","","","Montreal","1970-07-09",""
"253","Gaetan Duchesne","1982","1995","LW","1028","179","254","433","102","617","","","","","","Les Saulles","1962-07-11","2007-04-16"
"254","Steve Duchesne","1987","2002","D","1113","227","525","752","88","824","","","","","","Sept-Iles","1965-06-30",""
"255","Anthony Duclair","2015","2017","LW","149","24","39","63","9","67","","","","","","Pointe-Claire","1995-08-26",""
"256","Luc Dufour","1983","1985","LW","167","23","21","44","8","199","","","","","","Chicoutimi","1963-02-13",""
"257","Marc Dufour","1964","1969","RW","14","1","0","1","-1","2","","","","","","Trois-Rivieres","1941-09-11","2015-01-23"
"258","Donald Dufresne","1989","1997","D","268","6","36","42","1","258","","","","","","Quebec City","1967-04-10",""
"259","Michel Dumas","1975","1977","G","8","0","1","1","0","0","2","1","2","","3.98","St-Antoine-de-Pontbriand","1949-07-08",""
"260","Gabriel Dumont","2012","2017","C","48","3","3","6","-3","38","","","","","","Ville Degelis","1990-10-06",""
"261","J.P. Dumont","1999","2011","RW","822","214","309","523","-2","364","","","","","","Montreal","1978-04-01",""
"262","Denis Dupere","1971","1978","LW","421","80","99","179","-30","66","","","","","","Jonquiere","1948-06-21",""
"263","Andre Dupont","1971","1983","D","800","59","185","244","299","1986","","","","","","Trois-Rivieres","1949-07-27",""
"264","Norm Dupont","1980","1984","LW","256","55","85","140","-111","52","","","","","","Montreal","1957-02-05",""
"265","Yanick Dupre","1992","1996","LW","35","2","0","2","-7","16","","","","","","Montreal","1972-11-20","1997-08-19"
"266","Pascal Dupuis","2001","2016","LW","871","190","219","409","63","387","","","","","","Laval","1979-04-07",""
"267","Philippe Dupuis","2009","2012","C","116","6","12","18","-6","62","","","","","","Laval","1985-04-24",""
"268","Benoit Dusablon","2004","2004","C","3","0","0","0","-1","2","","","","","","Ste Anne de la Perad","1979-08-01",""
"269","Karl Dykhuis","1992","2004","D","644","42","91","133","8","495","","","","","","Sept-Iles","1972-07-08",""
"270","Frank Eddolls","1945","1952","D","317","23","43","66","","114","","","","","","Lachine","1921-07-05","1961-08-13"
"271","Bob Errey","1984","1998","LW","895","170","212","382","58","1005","","","","","","Montreal","1964-09-21",""
"272","Claude Evans","1955","1958","G","5","0","0","0","","0","1","2","1","","3.69","Longueuil","1933-04-28",""
"273","Mario Faubert","1975","1982","D","231","21","90","111","-37","226","","","","","","Valleyfield","1954-12-02",""
"274","Andre Faust","1993","1994","C","47","10","7","17","4","14","","","","","","Joliette","1969-10-07",""
"275","Jonathan Ferland","2006","2006","RW","7","1","0","1","-2","2","","","","","","Ste-Marie-de-Beauce","1983-02-09",""
"276","Eric Fichaud","1996","2001","G","95","0","1","1","0","4","22","47","10",".897","3.14","Anjou","1975-11-04",""
"277","Bob Fillion","1944","1950","LW","327","42","61","103","","84","","","","","","Thetford Mines","1921-07-12","2015-08-13"
"278","Marcel Fillion","1945","1945","LW","1","0","0","0","","0","","","","","","Thetford Mines","1923-05-28","1998-05-15"
"279","Steven Finn","1986","1997","D","725","34","78","112","-132","1724","","","","","","Laval","1966-08-20",""
"280","Ed Finnigan","1935","1936","LW","15","1","1","2","","2","","","","","","Shawville","1913-05-23","1997-07-14"
"281","Frank Finnigan","1924","1937","RW","553","115","88","203","","407","","","","","","Shawville","1903-07-09","1991-12-25"
"282","Stephane Fiset","1990","2002","G","390","0","12","12","0","38","164","153","44",".899","3.07","Montreal","1970-06-17",""
"283","Gerry Fleming","1994","1995","LW","11","0","0","0","-5","42","","","","","","Montreal","1966-10-16",""
"284","Reggie Fleming","1960","1971","D/LW","749","108","132","240","-24","1468","","","","","","Montreal","1936-04-21","2009-07-11"
"285","Steven Fletcher","1989","1989","LW/D","3","0","0","0","-1","5","","","","","","Montreal","1962-03-31",""
"286","Marc-Andre Fleury","2004","2017","G","688","0","14","14","0","56","375","214","67",".912","2.58","Sorel","1984-11-28",""
"287","Peter Folco","1974","1974","D","2","0","0","0","-1","0","","","","","","Montreal","1953-08-13",""
"288","Len Fontaine","1973","1974","RW","46","8","11","19","-4","10","","","","","","Quebec City","1948-02-25",""
"289","Dave Forbes","1974","1979","LW","363","64","64","128","25","341","","","","","","Montreal","1948-11-16",""
"290","Connie Forey","1974","1974","LW","4","0","0","0","-1","2","","","","","","Montreal","1950-10-18",""
"291","Marc Fortier","1988","1993","C","212","42","60","102","-70","135","","","","","","Windsor","1966-02-26",""
"292","Jean-Francois Fortin","2002","2004","D","71","1","4","5","-4","42","","","","","","Laval","1979-03-15",""
"293","Ray Fortin","1968","1970","D","92","2","6","8","4","33","","","","","","Drummondville","1941-03-11",""
"294","Maxime Fortunus","2010","2014","D","9","0","1","1","-5","4","","","","","","Longueil","1983-07-28",""
"295","Simon Gagne","2000","2015","LW","822","291","310","601","129","328","","","","","","Ste. Foy","1980-02-29",""
"296","Germain Gagnon","1972","1976","LW","259","40","101","141","-22","72","","","","","","Chicoutimi","1942-12-09","2014-10-26"
"297","Johnny Gagnon","1931","1940","RW","454","120","141","261","","295","","","","","","Chicoutimi","1905-06-08","1984-03-22"
"298","Steve Gainey","2001","2006","LW","33","0","2","2","-3","34","","","","","","Montreal","1979-01-26",""
"299","Michel Galarneau","1981","1983","C","78","7","10","17","-27","34","","","","","","Montreal","1961-03-01",""
"300","Garry Galley","1985","2001","D","1149","125","475","600","2","1218","","","","","","Montreal","1963-04-16",""
"301","Simon Gamache","2003","2008","C","48","6","7","13","-10","18","","","","","","Thetford Mines","1981-01-03",""
"302","George Gardner","1966","1972","G","66","0","0","0","0","0","16","30","6","","3.75","Lachine","1942-10-08","2006-11-06"
"303","Mathieu Garon","2001","2013","G","341","0","7","7","0","28","144","131","31",".903","2.83","Chandler","1978-01-09",""
"304","Frederick Gaudreau","2017","2017","C","9","0","1","1","1","0","","","","","","Bromont","1993-05-01",""
"305","Armand Gaudreault","1945","1945","LW","44","15","9","24","","27","","","","","","Lac St-Jean","1921-07-14","2013-07-02"
"306","Leo Gaudreault","1928","1933","LW/C","67","8","4","12","","30","","","","","","Chicoutimi","1905-10-19","1950-03-21"
"307","Mike Gaul","1999","2001","D","3","0","0","0","0","4","","","","","","Lachine","1973-04-22",""
"308","Daniel Gauthier","1995","1995","LW","5","0","0","0","0","0","","","","","","Charlemagne","1970-05-17",""
"309","Denis Gauthier","1998","2009","D","554","17","60","77","-5","748","","","","","","Montreal","1976-10-01",""
"310","Fern Gauthier","1944","1949","RW","229","46","50","96","","35","","","","","","Chicoutimi","1919-08-31","1992-11-07"
"311","Frederik Gauthier","2016","2017","C","28","2","2","4","-3","23","","","","","","St-Lin","1995-04-26",""
"312","Jean Gauthier","1961","1970","D","166","6","29","35","-2","150","","","","","","Montreal","1937-04-29","2013-02-20"
"313","Luc Gauthier","1991","1991","D","3","0","0","0","1","2","","","","","","Longueuil","1964-04-19",""
"314","Jocelyn Gauvreau","1984","1984","D","2","0","0","0","-2","0","","","","","","Masham","1964-03-04",""
"315","Martin Gelinas","1989","2008","LW","1273","309","351","660","52","820","","","","","","Shawinigan","1970-06-05",""
"316","Jean-Guy Gendron","1956","1972","LW","863","182","201","383","-10","701","","","","","","Montreal","1934-08-30",""
"317","Martin Gendron","1995","1998","RW","30","4","2","6","-3","10","","","","","","Valleyfield","1974-02-15",""
"318","Bernie Geoffrion*","1951","1968","RW","883","393","429","822","1","689","","","","","","Montreal","1931-02-16","2006-03-11"
"319","Danny Geoffrion","1980","1982","RW","111","20","32","52","-31","99","","","","","","Montreal","1958-01-24",""
"320","Eric Germain","1988","1988","D","4","0","1","1","-2","13","","","","","","Quebec City","1966-06-26",""
"321","Bruno Gervais","2006","2013","D","418","16","71","87","-81","182","","","","","","Longueuil","1984-10-03",""
"322","Jean-Sebastien Giguere","1997","2014","G","597","0","7","7","0","98","262","216","75",".913","2.53","Montreal","1977-05-16",""
"323","Gilles Gilbert","1970","1983","G","416","0","9","9","0","110","192","143","60","","3.27","St-Esprit","1949-03-31",""
"324","Jeannot Gilbert","1963","1965","C","9","0","1","1","","4","","","","","","Grande Baie","1940-12-29",""
"325","Rod Gilbert*","1961","1978","RW","1065","406","615","1021","89","508","","","","","","Montreal","1941-07-01",""
"326","Andre Gill","1968","1968","G","5","0","0","0","0","0","3","2","0","","2.89","Sorel","1941-09-19","2014-12-02"
"327","Gaston Gingras","1980","1989","D","476","61","174","235","-4","161","","","","","","Temiscamingue","1959-02-13",""
"328","Bob Girard","1976","1980","LW","305","45","69","114","-53","140","","","","","","Montreal","1949-04-12",""
"329","Jonathan Girard","1999","2003","D","150","10","34","44","6","46","","","","","","Rawdon","1980-05-27",""
"330","Alexandre Giroux","2006","2012","C/LW","48","6","6","12","-2","26","","","","","","Quebec City","1981-06-16",""
"331","Pierre Giroux","1983","1983","C","6","1","0","1","-1","17","","","","","","Brownsburg","1955-11-17",""
"332","Jean-Paul Gladu","1945","1945","LW","40","6","14","20","","2","","","","","","St-Hyacinthe","1921-06-20","2015-02-01"
"333","Eddy Godin","1978","1979","RW","27","3","6","9","-16","12","","","","","","Donnacona","1957-03-29",""
"334","Daniel Goneau","1997","2000","LW","53","12","3","15","-10","14","","","","","","Montreal","1976-01-16",""
"335","Ed Gorman","1925","1928","D","111","14","6","20","","108","","","","","","Buckingham","1892-09-25","1963-03-10"
"336","Benoit Gosselin","1978","1978","LW","7","0","0","0","-3","33","","","","","","Montreal","1957-07-19",""
"337","David Gosselin","2000","2002","RW","13","2","1","3","-5","11","","","","","","Levis","1977-06-22",""
"338","Mario Gosselin","1984","1994","G","242","0","9","9","0","42","91","107","14",".871","3.74","Thetford Mines","1963-06-15",""
"339","Michel Goulet*","1980","1994","LW","1089","548","604","1152","97","825","","","","","","Peribonka","1960-04-21",""
"340","Red Goupille","1936","1943","D","222","12","28","40","","256","","","","","","Trois-Rivieres","1915-09-02","2005-07-04"
"341","Yanni Gourde","2016","2017","C","12","1","2","3","-1","4","","","","","","Saint-Narcisse","1991-12-15",""
"342","Phil Goyette","1957","1972","C","941","207","467","674","4","131","","","","","","Lachine","1933-10-31",""
"343","Marc-Andre Gragnani","2008","2016","D","78","3","15","18","4","36","","","","","","Montreal","1987-03-11",""
"344","Jean-Luc Grand-Pierre","1999","2004","D","269","7","13","20","-53","311","","","","","","Montreal","1977-02-02",""
"345","Benoit Gratton","1998","2004","C","58","6","10","16","0","58","","","","","","Montreal","1976-12-28",""
"346","Gilles Gratton","1976","1977","G","47","0","0","0","0","15","13","18","9","","4.02","LaSalle","1952-07-28",""
"347","Norm Gratton","1972","1976","LW","201","39","44","83","-29","64","","","","","","LaSalle","1950-12-22",""
"348","Leo Gravelle","1947","1951","RW","223","44","34","78","","42","","","","","","Aylmer","1925-06-10","2013-10-30"
"349","Terry Gray","1962","1970","RW","147","26","28","54","-1","64","","","","","","Montreal","1938-03-21",""
"350","A.J. Greer","2017","2017","LW","5","0","1","1","-2","4","","","","","","Joliette","1996-12-14",""
"351","Alexandre Grenier","2016","2017","RW","9","0","0","0","-5","2","","","","","","Laval","1991-09-05",""
"352","Lucien Grenier","1970","1972","RW","151","14","14","28","-6","18","","","","","","Malartic","1946-11-03",""
"353","Martin Grenier","2002","2007","D","18","1","0","1","-1","14","","","","","","Laval","1980-11-02",""
"354","Richard Grenier","1973","1973","C","10","1","1","2","-2","2","","","","","","Montreal","1952-09-18",""
"355","Francois Groleau","1996","1998","D","8","0","1","1","3","6","","","","","","Longueuil","1973-01-23",""
"356","Francois Guay","1990","1990","C","1","0","0","0","0","0","","","","","","Gatineau","1968-06-08",""
"357","Daniel Guerard","1995","1995","RW","2","0","0","0","0","0","","","","","","LaSalle","1974-04-09",""
"358","Stephane Guerard","1988","1990","D","34","0","0","0","-12","40","","","","","","Ste-Elizabeth","1968-04-12",""
"359","Jocelyn Guevremont","1972","1980","D","571","84","223","307","22","319","","","","","","Montreal","1951-03-01",""
"360","Bobby Guindon","1980","1980","LW","6","0","1","1","2","0","","","","","","Labelle","1950-11-19",""
"361","Ben Guite","2006","2010","RW","175","19","26","45","-4","97","","","","","","Montreal","1978-07-17",""
"362","Denis Hamel","2000","2007","LW","192","19","12","31","-10","77","","","","","","Lachute","1977-05-10",""
"363","Gilles Hamel","1981","1989","LW","519","127","147","274","-47","276","","","","","","Asbestos","1960-03-18",""
"364","Jean Hamel","1973","1984","D","699","26","95","121","-79","766","","","","","","Asbestos","1952-06-06",""
"365","Pierre Hamel","1975","1981","G","69","0","3","3","0","16","13","41","7","","4.40","Montreal","1952-09-16",""
"366","Joe Hardy","1970","1971","C","63","9","14","23","-22","51","","","","","","Kenogami","1945-12-05",""
"367","Walter Harnott","1934","1934","LW","6","0","0","0","","2","","","","","","Montreal","1909-09-24","1977-01-08"
"368","Ron Harris","1963","1976","D","476","20","91","111","-57","474","","","","","","Verdun","1942-06-30",""
"369","Doug Harvey*","1948","1969","D","1113","88","452","540","11","1216","","","","","","Montreal","1924-12-19","1989-12-26"
"370","Alan Haworth","1981","1988","C","524","189","211","400","62","425","","","","","","Drummondville","1960-09-01",""
"371","Gord Haworth","1953","1953","C","2","0","1","1","","0","","","","","","Drummondville","1932-02-20",""
"372","Paul Haynes","1931","1941","C","391","61","134","195","","164","","","","","","Montreal","1910-03-01","1989-05-12"
"373","Gerry Heffernan","1942","1944","RW","83","33","35","68","","27","","","","","","Montreal","1916-07-24","2007-01-16"
"374","Bill Heindl","1971","1973","LW","18","2","1","3","0","0","","","","","","Sherbrooke","1946-05-13","1992-03-01"
"375","Samuel Henley","2017","2017","C","1","1","0","1","1","2","","","","","","Val-d'Or","1993-07-25",""
"376","Camille Henry","1954","1970","C","727","279","249","528","20","88","","","","","","Quebec City","1933-01-31","1997-09-11"
"377","Yves Heroux","1987","1987","RW","1","0","0","0","0","0","","","","","","Terrebonne","1965-04-27",""
"378","Denis Herron","1973","1986","G","462","0","9","9","0","89","146","203","76",".879","3.70","Chambly","1952-06-18",""
"379","Henry Hicks","1929","1931","D","96","7","2","9","","72","","","","","","Sillery","1900-12-10","1965-08-14"
"380","Andre Hinse","1968","1968","LW","4","0","0","0","-2","0","","","","","","Trois-Rivieres","1945-04-19",""
"381","Charlie Hodge","1955","1971","G","358","0","0","0","0","10","150","125","61","","2.70","Lachine","1933-07-28","2016-04-16"
"382","Benoit Hogue","1988","2002","C","863","222","321","543","34","877","","","","","","Repentigny","1966-10-28",""
"383","Rob Holland","1980","1981","G","44","0","0","0","0","2","11","22","9","","4.08","Montreal","1957-09-10",""
"384","Gord Hollingworth","1955","1958","D","163","4","14","18","","201","","","","","","Montreal","1933-07-24","1974-02-02"
"385","Greg Holst","1976","1978","C","11","0","0","0","-6","0","","","","","","Montreal","1954-02-21",""
"386","Claude Houde","1975","1976","D","59","3","6","9","-44","40","","","","","","Drummondville","1947-11-08",""
"387","Eric Houde","1997","1999","C","30","2","3","5","-4","4","","","","","","Montreal","1976-12-19",""
"388","Mike Hough","1987","1999","LW","707","100","156","256","-52","675","","","","","","Montreal","1963-02-06",""
"389","Martin Houle","2007","2007","G","1","0","0","0","0","0","0","0","0",".667","30.00","Montreal","1985-02-12",""
"390","Rejean Houle","1970","1983","W","635","161","247","408","180","395","","","","","","Rouyn","1949-10-25",""
"391","Jim Hrivnak","1990","1994","G","85","0","5","5","0","2","34","30","3",".877","3.73","Montreal","1968-05-28",""
"392","Jonathan Huberdeau","2013","2017","C","293","64","124","188","12","142","","","","","","Saint-Jerome","1993-06-04",""
"393","Charles Hudon","2016","2017","LW","6","0","4","4","3","2","","","","","","Alma","1994-06-23",""
"394","Ryan Hughes","1996","1996","C","3","0","0","0","0","0","","","","","","Montreal","1972-01-17",""
"395","Harry Hyland*","1918","1918","RW","17","14","2","16","","65","","","","","","Montreal","1889-01-02","1969-08-08"
"396","Gord Hynes","1992","1993","D","52","3","9","12","5","22","","","","","","Montreal","1966-07-22",""
"397","Brent Imlach","1966","1967","F","3","0","0","0","","0","","","","","","Quebec City","1946-11-16",""
"398","Paul Jacobs","1919","1919","D","1","0","0","0","","0","","","","","","Montreal","1894-03-09",""
"399","Jean-Francois Jacques","2006","2012","LW","166","9","8","17","-36","197","","","","","","Montreal","1985-04-29",""
"400","Pierre Jarry","1972","1978","LW","344","88","117","205","-51","142","","","","","","Montreal","1949-03-30",""
"401","Rosario Joanette","1945","1945","C","2","0","1","1","","4","","","","","","Valleyfield","1919-07-27","1998-10-09"
"402","Brian Johnson","1984","1984","RW","3","0","0","0","-3","5","","","","","","Montreal","1960-04-01",""
"403","Eddie Johnston","1963","1978","G","592","0","10","10","0","26","234","257","80","","3.25","Montreal","1935-11-24",""
"404","Ross Johnstone","1944","1945","D","42","5","4","9","","14","","","","","","Montreal","1926-04-07","2009-12-31"
"405","Jean-Francois Jomphe","1996","1999","C","111","10","29","39","-1","102","","","","","","Harve St-Pierre","1972-12-28",""
"406","Joe Juneau","1992","2004","C","828","156","416","572","-3","272","","","","","","Pont-Rouge","1968-01-05",""
"407","Steve Kasper","1981","1993","C","821","177","291","468","-56","554","","","","","","Montreal","1961-09-28",""
"408","Duke Keats*","1927","1929","C","82","30","19","49","","113","","","","","","Montreal","1895-03-21","1972-01-17"
"409","Dave Keon*","1961","1982","C","1296","396","590","986","-12","117","","","","","","Noranda","1940-03-22",""
"410","Mike Krushelnyski","1982","1995","LW/C","897","241","328","569","179","699","","","","","","Montreal","1960-04-27",""
"411","Moe L'Abbe","1973","1973","RW","5","0","1","1","1","0","","","","","","Montreal","1947-08-12",""
"412","Mike Labadie","1953","1953","RW","3","0","0","0","","0","","","","","","St-Francis D'Assisi","1932-08-17",""
"413","Jean-Francois Labbe","2000","2003","G","15","0","0","0","0","2","3","6","0",".889","3.44","Sherbrooke","1972-06-15",""
"414","Marc Labelle","1997","1997","LW","9","0","0","0","-4","46","","","","","","Maniwaki","1969-12-20",""
"415","Patrick Labrecque","1996","1996","G","2","0","0","0","0","2","0","1","0",".851","4.29","Laval","1971-03-06",""
"416","Guy Labrie","1944","1945","D","42","4","9","13","","16","","","","","","St-Charles Bellechasse","1920-08-11","1974-05-12"
"417","Pierre-Cedric Labrie","2012","2014","LW","46","2","3","5","-4","65","","","","","","Baie-Comeau","1986-12-06",""
"418","Michel Lachance","1979","1979","D","21","0","4","4","-9","22","","","","","","Quebec City","1955-04-11",""
"419","Francois Lacombe","1969","1980","D","78","2","17","19","-12","54","","","","","","Montreal","1948-02-24",""
"420","Normand Lacombe","1985","1991","RW","319","53","62","115","-2","196","","","","","","Pierrefonds","1964-10-18",""
"421","Andre Lacroix","1968","1980","C","325","79","119","198","-29","44","","","","","","Lauzon","1945-06-05",""
"422","Daniel Lacroix","1994","2000","LW","188","11","7","18","-5","379","","","","","","Montreal","1969-03-11",""
"423","Eric Lacroix","1994","2001","LW","472","67","70","137","-23","361","","","","","","Montreal","1971-07-15",""
"424","Pierre Lacroix","1980","1983","D","274","24","108","132","-11","197","","","","","","Quebec City","1959-04-11",""
"425","Christian Laflamme","1997","2004","D","324","2","45","47","-5","282","","","","","","St-Charles","1976-11-24",""
"426","Guy Lafleur*","1972","1991","RW","1126","560","793","1353","453","399","","","","","","Thurso","1951-09-20",""
"427","Ernie Laforce","1943","1943","D","1","0","0","0","","0","","","","","","Montreal","1916-06-23","2009-10-18"
"428","Claude Laforge","1958","1969","LW","193","24","33","57","6","82","","","","","","Sorel","1936-07-01",""
"429","Leo Lafrance","1927","1928","LW","33","2","0","2","","6","","","","","","Allomette","1902-11-03","1993-04-07"
"430","Roger Lafreniere","1963","1973","LW","13","0","0","0","-1","4","","","","","","Montreal","1942-07-24",""
"431","Jean-Guy Lagace","1969","1976","D","197","9","39","48","-81","251","","","","","","L'Abord-a-Plouffe","1945-02-05",""
"432","Serge Lajeunesse","1971","1975","D/RW","103","1","4","5","-43","103","","","","","","Montreal","1950-06-11",""
"433","Simon Lajeunesse","2002","2002","G","1","0","0","0","0","0","0","0","0","1.000","0.00","Quebec City","1981-01-22",""
"434","David Laliberte","2010","2010","RW","11","2","1","3","1","6","","","","","","St-Jean-Sur-Richelieu","1986-03-17",""
"435","Patrick Lalime","1997","2011","G","444","0","6","6","0","58","200","174","48",".905","2.58","St-Bonaventure","1974-07-07",""
"436","Bobby Lalonde","1972","1982","C","641","124","210","334","-39","298","","","","","","Montreal","1951-03-27",""
"437","Yvon Lambert","1973","1982","LW","683","206","273","479","143","340","","","","","","Drummondville","1950-05-20",""
"438","Jean-Paul Lamirande","1947","1955","LW/D","49","5","5","10","","26","","","","","","Shawinigan Falls","1924-08-21","1976-01-30"
"439","Eric Landry","1998","2002","C","68","5","9","14","-8","47","","","","","","Gatineau","1975-01-20",""
"440","Chris Langevin","1984","1986","LW","22","3","1","4","1","22","","","","","","Montreal","1959-11-28",""
"441","Alain Langlais","1974","1975","LW","25","4","4","8","-9","10","","","","","","Chicoutimi","1950-10-09",""
"442","Albert Langlois","1958","1966","D","497","21","91","112","","488","","","","","","Magog","1934-11-06",""
"443","Charlie Langlois","1925","1928","RW/D","151","22","5","27","","189","","","","","","Lotbiniere","1894-08-25","1965-08-31"
"444","Jean-Marc Lanthier","1984","1988","RW","105","16","16","32","-36","29","","","","","","Montreal","1963-03-27",""
"445","Daniel Laperriere","1993","1996","D","48","2","5","7","-5","27","","","","","","Laval","1969-03-28",""
"446","Ian Laperriere","1994","2010","RW","1083","121","215","336","-44","1956","","","","","","Montreal","1974-01-19",""
"447","Jacques Laperriere*","1963","1974","D","691","40","242","282","241","674","","","","","","Rouyn","1941-11-22",""
"448","Maxim Lapierre","2006","2015","C","614","65","74","139","-49","586","","","","","","Saint-Leonard","1985-03-29",""
"449","Claude Lapointe","1991","2004","LW/C","879","127","178","305","-61","721","","","","","","Lachine","1968-10-11",""
"450","Guy Lapointe*","1969","1984","D","884","171","451","622","329","893","","","","","","Montreal","1948-03-18",""
"451","Martin Lapointe","1992","2008","RW","991","181","200","381","-40","1417","","","","","","Ville St-Pierre","1973-09-12",""
"452","Georges Laraque","1998","2010","RW","695","53","100","153","1","1126","","","","","","Montreal","1976-12-07",""
"453","Wildor Larochelle","1926","1937","RW","474","92","74","166","","211","","","","","","Sorel","1906-09-23","1964-03-21"
"454","Mario Larocque","1999","1999","D","5","0","0","0","-4","16","","","","","","Montreal","1978-04-24",""
"455","Michel Larocque","1974","1984","G","312","0","18","18","0","18","160","89","45",".811","3.33","Hull","1952-04-06","1992-07-29"
"456","Claude Larose","1980","1980","LW","25","4","7","11","-5","2","","","","","","St-Jean","1955-05-17",""
"457","Guy Larose","1989","1994","C","70","10","9","19","-18","63","","","","","","Hull","1967-08-31",""
"458","Pierre Larouche","1975","1988","C","812","395","427","822","-25","237","","","","","","Taschereau","1955-11-16",""
"459","Steve Larouche","1995","1996","C","26","9","9","18","-5","10","","","","","","Rouyn","1971-04-14",""
"460","Guillaume Latendresse","2007","2013","LW","341","87","60","147","-15","185","","","","","","Ste-Catherine","1987-05-24",""
"461","Phil Latreille","1961","1961","C/RW","4","0","0","0","","2","","","","","","Montreal","1938-04-22",""
"462","Eric Lavigne","1995","1995","D","1","0","0","0","-1","0","","","","","","Victoriaville","1972-11-04",""
"463","Dominic Lavoie","1989","1994","D","38","5","8","13","-5","32","","","","","","Montreal","1967-11-21",""
"464","Gord Laxton","1976","1979","G","17","0","0","0","0","0","4","9","0","","5.55","Montreal","1955-03-16",""
"465","Patrick Lebeau","1991","1999","LW","15","3","2","5","-2","6","","","","","","St-Jerome","1970-03-17",""
"466","Stephan Lebeau","1989","1995","C","373","118","159","277","61","105","","","","","","St-Jerome","1968-02-28",""
"467","Fern LeBlanc","1977","1979","C","34","5","6","11","-4","0","","","","","","Gaspesie","1956-01-12",""
"468","J.P. LeBlanc","1969","1979","C","153","14","30","44","-26","87","","","","","","South Durham","1946-10-20",""
"469","Louis Leblanc","2012","2014","C","50","5","5","10","4","32","","","","","","Point-Claire","1991-01-26",""
"470","Vincent Lecavalier","1999","2016","C","1212","421","528","949","-139","848","","","","","","Ile Bizard","1980-04-21",""
"471","Jackie Leclair","1955","1957","C","160","20","40","60","","56","","","","","","Quebec City","1929-05-30","2011-06-14"
"472","Pascal Leclaire","2004","2011","G","173","0","4","4","0","8","61","76","15",".904","2.89","Repentigny","1982-11-07",""
"473","Rene Leclerc","1969","1971","RW","87","10","11","21","-11","105","","","","","","Vanier","1947-11-12",""
"474","Albert Leduc","1926","1935","D","383","57","35","92","","614","0","0","0","","30.00","Valleyfield","1902-11-22","1990-07-31"
"475","Rich LeDuc","1973","1981","C","130","28","38","66","-31","69","","","","","","Ile Perrot","1951-08-24",""
"476","Bobby Lee","1943","1943","C","1","0","0","0","","0","","","","","","Verdun","1911-12-28","1974-12-31"
"477","Guillaume Lefebvre","2002","2010","LW","39","2","4","6","-2","13","","","","","","Amos","1981-05-07",""
"478","Patrice Lefebvre","1999","1999","RW","3","0","0","0","-2","2","","","","","","Montreal","1967-06-28",""
"479","Sylvain Lefebvre","1990","2003","D","945","30","154","184","108","674","","","","","","Richmond","1967-10-14",""
"480","Roger Leger","1944","1950","D","187","18","53","71","","71","","","","","","L'Annonciation","1919-03-26","1965-04-07"
"481","Claude Legris","1981","1982","G","4","0","0","0","0","0","0","1","1","","2.64","Verdun","1956-11-06",""
"482","Yanick Lehoux","2006","2007","C","10","2","2","4","0","6","","","","","","Montreal","1982-04-08",""
"483","Jacques Lemaire*","1968","1979","C","853","366","469","835","349","217","","","","","","LaSalle","1945-09-07",""
"484","Reggie Lemelin","1979","1993","G","507","0","16","16","0","109","236","162","63",".884","3.46","Quebec City","1954-11-19",""
"485","Alain Lemieux","1982","1987","C","119","28","44","72","-12","38","","","","","","Montreal","1961-05-24",""
"486","Bob Lemieux","1968","1968","D","19","0","1","1","0","12","","","","","","Montreal","1944-12-16",""
"487","Claude Lemieux","1984","2009","RW","1215","379","407","786","13","1777","","","","","","Buckingham","1965-07-16",""
"488","Jacques Lemieux","1968","1970","D","19","0","4","4","3","8","","","","","","Matane","1943-04-08",""
"489","Jean Lemieux","1974","1978","D","204","23","63","86","-45","39","","","","","","Noranda","1952-05-31",""
"490","Jocelyn Lemieux","1987","1998","RW","598","80","84","164","-39","740","","","","","","Mont-Laurier","1967-11-18",""
"491","Mario Lemieux*","1985","2006","C","915","690","1033","1723","115","834","","","","","","Montreal","1965-10-05",""
"492","Real Lemieux","1967","1974","LW","456","51","104","155","-73","262","","","","","","Victoriaville","1945-01-03","1975-10-24"
"493","Rich Lemieux","1972","1976","C","274","39","82","121","-95","132","","","","","","Temiscamingue","1951-04-19",""
"494","Hec Lepine","1926","1926","C","33","5","2","7","","2","","","","","","Ste-Anne-de-Bellevue","1897-12-07","1951-03-29"
"495","Pit Lepine","1926","1938","C","526","143","98","241","","392","","","","","","Ste-Anne-de-Bellevue","1901-07-30","1955-08-02"
"496","Francois Leroux","1989","1998","D","249","3","20","23","-2","577","","","","","","Ste-Adele","1970-04-18",""
"497","Gaston Leroux","1936","1936","D","2","0","0","0","","0","","","","","","Montreal","1913-01-09",""
"498","Jean-Yves Leroux","1997","2001","LW","220","16","22","38","-27","146","","","","","","Montreal","1976-06-24",""
"499","Francis Lessard","2002","2011","RW","115","1","3","4","-6","346","","","","","","Montreal","1979-05-30",""
"500","Junior Lessard","2006","2008","RW/C","27","3","1","4","-5","23","","","","","","St-Joseph-de-Beauce","1980-05-26",""
"501","Mario Lessard","1979","1984","G","240","0","6","6","0","30","92","97","39",".838","3.74","East Broughton","1954-06-25",""
"502","Kris Letang","2007","2017","D","603","87","299","386","57","438","","","","","","Montreal","1987-04-24",""
"503","Pierre-Luc Letourneau-Leblond","2009","2014","RW","41","0","3","3","-2","101","","","","","","Levis","1985-06-04",""
"504","Jean-Louis Levasseur","1980","1980","G","1","0","0","0","0","0","0","1","0","","7.00","Noranda","1949-06-16",""
"505","Normand Leveille","1982","1983","LW","75","17","25","42","17","49","","","","","","Montreal","1963-01-10",""
"506","Charles Linglet","2010","2010","LW","5","0","0","0","-5","2","","","","","","Montreal","1982-06-22",""
"507","Jacques Locas","1948","1949","RW","59","7","8","15","","66","","","","","","Pointe aux Trembles","1926-02-12",""
"508","Dave Logan","1976","1981","D","218","5","29","34","-49","470","","","","","","Montreal","1954-07-02",""
"509","Robert Logan","1987","1989","RW","42","10","5","15","6","0","","","","","","Montreal","1964-02-22",""
"510","Matthew Lombardi","2004","2013","C","536","101","161","262","6","293","","","","","","Montreal","1982-03-18",""
"511","Rod Lorrain","1936","1942","RW","179","28","39","67","","30","","","","","","Buckingham","1914-07-26","1980-10-22"
"512","Kevin Lowe","1980","1998","D","1254","84","347","431","252","1498","","","","","","Lachute","1959-04-15",""
"513","Roberto Luongo","2000","2017","G","966","0","20","20","0","46","453","365","117",".919","2.50","Montreal","1979-04-04",""
"514","Gilles Lupien","1978","1982","D","226","5","25","30","44","416","","","","","","Lachute","1954-04-20",""
"515","Maxime Macenauer","2012","2012","C","29","1","3","4","-4","18","","","","","","Laval","1989-01-04",""
"516","Don MacIver","1980","1980","D","6","0","0","0","-5","2","","","","","","Montreal","1955-05-03",""
"517","Fleming MacKell","1948","1960","C","665","149","220","369","","562","","","","","","Montreal","1929-04-30","2015-10-19"
"518","Olivier Magnan","2011","2011","D","18","0","0","0","-4","4","","","","","","Sherbrooke","1986-05-01",""
"519","John Mahaffy","1943","1944","C","37","11","25","36","","4","","","","","","Montreal","1919-07-18","2015-05-02"
"520","Jacques Mailhot","1989","1989","LW","5","0","0","0","0","33","","","","","","Shawinigan","1961-12-05",""
"521","Frank Mailley","1943","1943","D","1","0","0","0","","0","","","","","","Lachine","1916-08-01","1976"
"522","Fern Majeau","1944","1945","C/LW","56","22","24","46","","43","","","","","","Verdun","1916-05-03","1966-06-21"
"523","Cliff Malone","1952","1952","RW","3","0","0","0","","0","","","","","","Quebec City","1925-09-04","2008-10-08"
"524","Joe Malone*","1918","1924","C/LW","126","143","32","175","","57","","","","","","Quebec City","1890-02-28","1969-05-15"
"525","Steve Maltais","1990","2001","LW","120","9","18","27","-34","53","","","","","","Arvida","1969-01-25",""
"526","Tom Manastersky","1951","1951","D","6","0","0","0","","11","","","","","","Montreal","1929-03-07","2012-03-11"
"527","Jimmy Mann","1980","1988","RW","293","10","20","30","-55","895","","","","","","Montreal","1959-04-17",""
"528","Anthony Mantha","2016","2017","RW","65","17","20","37","6","33","","","","","","Longueuil","1994-09-16",""
"529","Georges Mantha","1929","1941","D/LW","488","89","102","191","","148","","","","","","Lachine","1908-11-29","1990-01-25"
"530","Sylvio Mantha*","1924","1937","D","542","63","78","141","","671","","","","","","Montreal","1902-04-14","1974-08-07"
"531","Jon Marchessault","2013","2017","C","114","31","31","62","-31","47","","","","","","Cap-Rouge","1990-12-27",""
"532","Don Marcotte","1966","1982","LW","868","230","254","484","203","317","","","","","","Asbestos","1947-04-15",""
"533","Daniel Marois","1989","1996","RW","350","117","93","210","-60","419","","","","","","Montreal","1968-10-03",""
"534","Jean Marois","1944","1954","G","3","0","0","0","","0","1","2","0","","5.00","Quebec City","1924-05-11",""
"535","Mario Marois","1978","1992","D","955","76","357","433","10","1746","","","","","","Quebec City","1957-12-15",""
"536","Gilles Marotte","1966","1977","D","808","56","265","321","-75","919","","","","","","Montreal","1945-06-07","2005-07-26"
"537","Don Marshall","1952","1972","LW","1176","265","324","589","29","127","","","","","","Montreal","1932-03-23",""
"538","Pit Martin","1962","1979","C","1101","324","485","809","127","609","","","","","","Noranda","1943-12-09","2008-11-30"
"539","Rick Martin","1972","1982","LW","685","384","317","701","15","477","","","","","","Verdun","1951-07-26","2011-03-13"
"540","Steve Martins","1996","2006","C","267","21","25","46","-36","142","","","","","","Gatineau","1972-04-13",""
"541","Michael Matheson","2016","2017","D","74","5","10","15","-5","34","","","","","","Pointe-Claire","1994-02-27",""
"542","Christian Matte","1997","2001","RW","25","2","3","5","-3","12","","","","","","Hull","1975-01-20",""
"543","Stephane Matteau","1991","2003","LW","848","144","172","316","41","742","","","","","","Rouyn-Noranda","1969-09-02",""
"544","Hazen McAndrew","1942","1942","D","7","0","1","1","","6","","","","","","Mayo","1917-08-07","1993-08-27"
"545","Bill McDonagh","1950","1950","LW","4","0","0","0","","2","","","","","","Rouyn","1928-04-30",""
"546","Jack McDonald","1918","1922","LW","69","26","14","40","","30","","","","","","Quebec City","1887-02-28","1958-01-24"
"547","Bert McInenly","1931","1936","LW/D","166","19","15","34","","144","","","","","","Quebec City","1906-05-06","1993-10-15"
"548","Randy McKay","1989","2003","RW","932","162","201","363","88","1731","","","","","","Montreal","1967-01-25",""
"549","Tony McKegney","1979","1991","LW","912","320","319","639","3","517","","","","","","Montreal","1958-02-15",""
"550","Sean McKenna","1982","1990","RW","414","82","80","162","-48","181","","","","","","Asbestos","1962-03-07",""
"551","Mike McMahon","1964","1972","D","224","15","68","83","-29","171","","","","","","Quebec City","1941-08-30","2013-04-29"
"552","George McNaughton","1920","1920","RW/C","1","0","0","0","","0","","","","","","Gaspe","1897-04-04",""
"553","Gerry McNeil","1948","1957","G","276","0","0","0","","2","119","105","52","","2.36","Quebec City","1926-04-17","2004-06-17"
"554","Gord McRae","1973","1978","G","71","0","0","0","0","6","30","22","10","","3.49","Sherbrooke","1948-04-12",""
"555","Ron Meighan","1982","1983","D","48","3","7","10","-12","18","","","","","","Montreal","1963-05-26",""
"556","Scott Mellanby","1986","2007","RW","1431","364","476","840","-36","2479","","","","","","Montreal","1966-06-11",""
"557","Eric Meloche","2002","2007","RW","74","9","11","20","-21","36","","","","","","Montreal","1976-05-01",""
"558","Gilles Meloche","1971","1988","G","788","0","22","22","0","111","270","351","131",".875","3.64","Montreal","1950-07-12",""
"559","Eric Messier","1997","2004","LW","406","25","50","75","-1","146","","","","","","Drummondville","1973-10-29",""
"560","Corrado Micalef","1982","1986","G","113","0","5","5","0","43","26","59","15",".858","4.24","Montreal","1961-04-20",""
"561","Olivier Michaud","2002","2002","G","1","0","0","0","0","0","0","0","0","1.000","0.00","Beloeil","1983-09-14",""
"562","Hib Milks","1926","1933","LW/C","317","87","41","128","","179","","","","","","Eardley","1899-04-01","1949-01-21"
"563","Torrey Mitchell","2008","2017","C","601","61","80","141","-4","321","","","","","","Greenfield Park","1985-01-30",""
"564","Sergio Momesso","1984","1997","LW","710","152","193","345","7","1557","","","","","","Montreal","1965-09-04",""
"565","Hartland Monahan","1974","1981","RW","334","61","80","141","-119","163","","","","","","Montreal","1951-03-29",""
"566","Armand Mondou","1929","1940","LW","386","47","71","118","","99","","","","","","Yamaska","1905-06-27","1976-09-13"
"567","Pierre Mondou","1978","1985","C","548","194","262","456","215","179","","","","","","Sorel","1955-11-27",""
"568","Michel Mongeau","1990","1993","C","54","6","19","25","1","10","","","","","","Montreal","1965-02-09","2010-05-22"
"569","Bob Mongrain","1980","1986","C","81","13","14","27","-1","14","","","","","","La Sarre","1959-08-31",""
"570","Jim Montgomery","1994","2003","C","122","9","25","34","-6","80","","","","","","Montreal","1969-06-30",""
"571","Dickie Moore*","1952","1968","LW","719","261","347","608","-8","652","","","","","","Montreal","1931-01-06","2015-12-19"
"572","Pete Morin","1942","1942","LW","31","10","12","22","","7","","","","","","Lachine","1915-12-08","2000-01-05"
"573","Stephane Morin","1990","1994","C","90","16","39","55","4","52","","","","","","Montreal","1969-03-27","1998-10-06"
"574","Dave Morissette","1999","2000","LW","11","0","0","0","1","57","","","","","","Baie Comeau","1971-12-24",""
"575","Jean-Guy Morissette","1964","1964","G","1","0","0","0","","0","0","1","0","","6.67","Causapscal","1937-12-16",""
"576","Joey Mormina","2008","2008","D","1","0","0","0","0","0","","","","","","Montreal","1982-06-29",""
"577","Jim Morrison","1952","1971","D","704","40","160","200","-32","542","","","","","","Montreal","1931-10-11",""
"578","Ken Mosdell","1942","1958","C","693","141","168","309","","475","","","","","","Montreal","1922-07-13","2006-01-05"
"579","Hal Murphy","1953","1953","G","1","0","0","0","","0","1","0","0","","4.00","Montreal","1927-07-06",""
"580","Rob Murphy","1988","1994","C","125","9","12","21","-54","152","","","","","","Hull","1969-04-07",""
"581","Terry Murray","1973","1982","D","302","4","76","80","-20","199","","","","","","Shawville","1950-07-20",""
"582","Phil Myre","1970","1983","G","439","0","10","10","0","101","149","198","76","","3.53","Ste-Anne-de-Bellevue","1948-11-01",""
"583","Rich Nantais","1975","1977","LW","63","5","4","9","-8","79","","","","","","Repentigny","1954-10-27",""
"584","Alain Nasreddine","1999","2008","D","74","1","4","5","9","84","","","","","","Montreal","1975-07-10",""
"585","Simon Nolet","1968","1977","RW","562","150","182","332","-23","187","","","","","","St-Odilon","1941-11-23",""
"586","Maxim Noreau","2010","2011","D","6","0","0","0","-1","0","","","","","","Montreal","1987-05-24",""
"587","Buddy O'Connor*","1942","1951","C","509","140","257","397","","34","","","","","","Montreal","1916-06-21","1977-08-24"
"588","George O'Grady","1918","1918","D","4","0","0","0","","0","","","","","","Montreal","1891-06-08",""
"589","Mike O'Neill","1992","1997","G","21","0","0","0","0","0","0","9","2",".859","4.28","LaSalle","1967-11-03",""
"590","Gino Odjick","1991","2002","RW","605","64","73","137","-21","2567","","","","","","Maniwaki","1970-09-07",""
"591","Gates Orlando","1985","1987","C","98","18","26","44","-10","51","","","","","","Montreal","1962-11-13",""
"592","Jimmy Orlando","1937","1943","D","199","6","25","31","","375","","","","","","Montreal","1916-02-27",""
"593","Maxime Ouellet","2001","2006","G","12","0","1","1","0","2","2","6","2",".903","3.08","Beauport","1981-06-17",""
"594","Michel Ouellet","2006","2009","RW","190","52","64","116","-4","58","","","","","","Rimouski","1982-03-05",""
"595","Ted Ouimet","1969","1969","G","1","0","0","0","0","0","0","1","0","","2.00","Noranda","1947-07-06",""
"596","Paul Pageau","1981","1981","G","1","0","0","0","0","0","0","1","0","","8.00","Montreal","1959-10-01",""
"597","Marcel Paille","1958","1965","G","107","0","1","1","","2","32","52","22","","3.42","Shawinigan Falls","1932-12-08","2002-10-07"
"598","Cedric Paquette","2014","2017","C","180","22","19","41","-3","182","","","","","","Gaspe","1993-08-13",""
"599","Bernie Parent*","1966","1979","G","608","0","12","12","0","112","271","198","121","","2.55","Montreal","1945-04-03",""
"600","Rich Parent","1998","2001","G","32","0","0","0","0","4","7","11","5",".882","3.15","Montreal","1973-01-12",""
"601","P.A. Parenteau","2007","2017","LW","487","114","181","295","-44","342","","","","","","Hull","1983-03-24",""
"602","Michel Parizeau","1972","1972","C","58","3","14","17","-7","18","","","","","","Montreal","1948-04-09",""
"603","Lester Patrick*","1927","1927","D","1","0","0","0","","2","","","","","","Drummondville","1883-12-30","1960-06-01"
"604","Rollie Paulhus","1926","1926","D","33","0","0","0","","0","","","","","","Montreal","1902-09-01",""
"605","Marcel Pelletier","1951","1963","G","8","0","0","0","","2","1","6","0","","4.86","Drummondville","1927-12-06",""
"606","Roger Pelletier","1968","1968","D","1","0","0","0","0","0","","","","","","Montreal","1945-06-22",""
"607","Steve Penney","1984","1988","G","91","0","1","1","0","17","35","38","12",".859","3.62","Ste-Foy","1961-02-02",""
"608","Joel Perrault","2006","2011","C","96","12","14","26","-18","68","","","","","","Montreal","1983-04-06",""
"609","Bob Perreault","1956","1963","G","31","0","0","0","","0","8","16","7","","3.38","Trois-Rivieres","1931-01-28","1980"
"610","Fern Perreault","1948","1950","LW","3","0","0","0","","0","","","","","","Chambly","1927-03-31",""
"611","Gilbert Perreault*","1971","1987","C","1191","512","814","1326","42","500","","","","","","Victoriaville","1950-11-13",""
"612","Mathieu Perreault","2010","2017","C","417","87","141","228","18","208","","","","","","Drummondville","1988-01-05",""
"613","Yanic Perreault","1994","2008","C","859","247","269","516","-20","402","","","","","","Sherbrooke","1971-04-04",""
"614","Eric Perrin","2004","2009","C","245","32","72","104","-15","92","","","","","","Laval","1975-11-01",""
"615","David Perron","2008","2017","LW","642","156","216","372","-1","496","","","","","","Sherbrooke","1988-05-28",""
"616","Jimmy Peters","1946","1954","RW","574","125","150","275","","186","","","","","","Montreal","1922-10-02","2006-10-11"
"617","Jimmy Peters","1965","1975","C","309","37","36","73","-38","48","","","","","","Montreal","1944-06-20",""
"618","Michel Petit","1983","1998","D","827","90","238","328","-172","1839","","","","","","St-Malo","1964-02-12",""
"619","Alexandre Picard","2006","2012","D","253","19","50","69","-31","86","","","","","","Gatineau","1985-07-05",""
"620","Alexandre Picard","2006","2010","LW","67","0","2","2","-9","58","","","","","","Les Saules","1985-10-09",""
"621","Michel Picard","1991","2001","LW","166","28","42","70","-9","103","","","","","","Beauport","1969-11-07",""
"622","Noel Picard","1965","1973","D","335","12","63","75","10","616","","","","","","Montreal","1938-12-25",""
"623","Robert Picard","1978","1990","D","899","104","319","423","-43","1025","","","","","","Montreal","1957-05-25",""
"624","Roger Picard","1968","1968","RW","15","2","2","4","-4","21","","","","","","Montreal","1935-01-13",""
"625","Pierre Pilote*","1956","1969","D","890","80","418","498","-3","1251","","","","","","Kenogami","1931-12-11",""
"626","Didier Pitre*","1918","1923","RW/D","127","64","33","97","","87","","","","","","Valleyfield","1883-09-01","1934-07-29"
"627","Gerry Plamondon","1946","1951","LW","74","7","13","20","","10","","","","","","Sherbrooke","1925-01-05",""
"628","Jacques Plante*","1953","1973","G","837","0","8","8","0","92","437","246","145","","2.38","Shawinigan Falls","1929-01-17","1986-02-27"
"629","Pierre Plante","1972","1980","RW","599","125","172","297","-29","599","","","","","","Valleyfield","1951-05-14",""
"630","Michel Plasse","1971","1982","G","299","0","9","9","0","62","92","136","54","","3.79","Montreal","1948-06-01","2006-12-30"
"631","Adrien Plavsic","1990","1997","D","214","16","56","72","13","161","","","","","","Montreal","1970-01-13",""
"632","Emile Poirier","2015","2016","LW","8","0","1","1","0","2","","","","","","Montreal","1994-12-14",""
"633","Jame Pollock","2004","2004","D","9","0","0","0","-1","6","","","","","","Quebec City","1979-06-16",""
"634","Jason Pominville","2004","2017","RW","895","259","398","657","63","187","","","","","","Repentigny","1982-11-30",""
"635","Felix Potvin","1992","2004","G","635","0","16","16","0","82","266","260","85",".905","2.76","Anjou","1971-06-23",""
"636","Daniel Poudrier","1986","1988","D","25","1","5","6","-1","10","","","","","","Thetford Mines","1964-02-15",""
"637","Daniel Poulin","1982","1982","D","3","1","1","2","1","2","","","","","","Robertsville","1957-09-19","2015-01-02"
"638","Kevin Poulin","2011","2015","G","50","0","1","1","0","0","18","25","3",".899","3.07","Montreal","1990-04-12",""
"639","Patrick Poulin","1992","2002","C","634","101","134","235","-30","299","","","","","","Vanier","1973-04-23",""
"640","Marc Pouliot","2006","2012","C","192","21","36","57","-9","76","","","","","","Quebec","1985-05-22",""
"641","Yves Preston","1979","1981","LW","28","7","3","10","-1","4","","","","","","Montreal","1956-06-14",""
"642","Andre Pronovost","1957","1968","LW","556","94","104","198","0","408","","","","","","Shawinigan Falls","1936-07-09",""
"643","Claude Pronovost","1956","1959","G","3","0","0","0","","2","1","1","0","","3.50","Shawinigan Falls","1935-07-22",""
"644","Jean Pronovost","1969","1982","RW","998","391","383","774","49","413","","","","","","Shawinigan Falls","1945-12-18",""
"645","Marcel Pronovost*","1951","1970","D","1206","88","257","345","3","851","","","","","","Lac-de-Tortue","1930-06-15","2015-04-26"
"646","Christian Proulx","1994","1994","D","7","1","2","3","0","20","","","","","","Sherbrooke","1973-12-10",""
"647","Claude Provost","1956","1970","RW","1005","254","335","589","35","469","","","","","","Montreal","1933-09-17","1984-04-17"
"648","Jean Pusie","1931","1936","D","61","1","4","5","","28","","","","","","Montreal","1910-10-15","1956-04-21"
"649","Leo Quenneville","1930","1930","LW/C","25","0","3","3","","10","","","","","","St-Anicet","1900-06-15","1986-04-09"
"650","Stephane Quintal","1989","2004","D","1037","63","180","243","-89","1320","","","","","","Boucherville","1968-10-22",""
"651","Jean-Francois Quintin","1992","1993","LW","22","5","5","10","-2","4","","","","","","St-Jean","1969-05-28",""
"652","Andre Racicot","1990","1994","G","68","0","2","2","0","6","26","23","8",".880","3.50","Rouyn-Noranda","1969-06-09",""
"653","Jonathan Racine","2014","2014","D","1","0","0","0","-1","2","","","","","","Montreal","1993-05-28",""
"654","Yves Racine","1990","1998","D","508","37","194","231","-39","439","","","","","","Matane","1969-02-07",""
"655","Les Ramsay","1945","1945","LW","11","2","2","4","","2","","","","","","Verdun","1920-07-01",""
"656","Jean Ratelle*","1961","1981","C","1281","491","776","1267","299","276","","","","","","Lac St-Jean","1940-10-03",""
"657","Jake Rathwell","1975","1975","RW","1","0","0","0","0","0","","","","","","Temiscamingue","1947-08-12",""
"658","Alain Raymond","1988","1988","G","1","0","0","0","0","0","0","1","0",".900","3.00","Rimouski","1965-06-24",""
"659","Paul Raymond","1933","1939","RW","76","2","3","5","","6","","","","","","Montreal","1913-02-27","1995-04-04"
"660","Mel Read","1947","1947","C","1","0","0","0","","0","","","","","","Montreal","1922-04-10","2005-07-09"
"661","Brandon Reid","2003","2007","C","13","2","4","6","4","0","","","","","","Kirkland","1981-03-09",""
"662","Herb Rheaume","1926","1926","G","31","0","0","0","","0","10","20","1","","2.92","Mason","1900-01-12","1955-01-01"
"663","Pascal Rheaume","1997","2006","C","318","39","52","91","-10","144","","","","","","Quebec City","1973-06-21",""
"664","Mike Ribeiro","2000","2017","C","1074","228","565","793","5","577","","","","","","Montreal","1980-02-10",""
"665","Henri Richard*","1956","1975","C","1256","358","688","1046","126","928","","","","","","Montreal","1936-02-29",""
"666","Jacques Richard","1973","1983","LW","556","160","187","347","-74","307","","","","","","Quebec City","1952-10-07","2002-10-08"
"667","Jean-Marc Richard","1988","1990","D","5","2","1","3","-4","2","","","","","","St-Raymond","1966-10-08",""
"668","Maurice Richard*","1943","1960","RW","978","544","421","965","","1285","","","","","","Montreal","1921-08-04","2000-05-27"
"669","Bob Richer","1973","1973","C","3","0","0","0","0","0","","","","","","Cowansville","1951-03-05",""
"670","Stephane Richer","1993","1995","D","27","1","5","6","-10","20","","","","","","Hull","1966-04-23",""
"671","Stephane Richer","1985","2002","RW","1054","421","398","819","76","614","","","","","","Ripon","1966-06-07",""
"672","Vincent Riendeau","1988","1995","G","184","0","4","4","0","14","85","65","20",".880","3.30","St-Hyacinthe","1966-04-20",""
"673","Pierre Rioux","1983","1983","RW","14","1","2","3","-3","4","","","","","","Quebec City","1962-02-01",""
"674","Bob Ritchie","1977","1978","LW","29","8","4","12","-14","10","","","","","","Laverlochere","1955-02-20",""
"675","Dave Ritchie","1918","1926","D","58","15","6","21","","50","","","","","","Montreal","1892-01-12",""
"676","Bob Rivard","1968","1968","C/LW","27","5","12","17","0","4","","","","","","Sherbrooke","1939-08-01",""
"677","Fern Rivard","1969","1975","G","55","0","0","0","0","10","9","27","11","","3.98","Grand'Mere","1946-01-18",""
"678","Mario Roberge","1991","1995","LW","112","7","7","14","-1","314","","","","","","Quebec City","1964-01-25",""
"679","Serge Roberge","1991","1991","RW","9","0","0","0","0","24","","","","","","Quebec City","1965-03-31",""
"680","Claude Robert","1951","1951","LW","23","1","0","1","","9","","","","","","Montreal","1928-08-10","2007-01-06"
"681","RenÃ© Robert","1971","1982","RW","744","284","418","702","0","597","","","","","","Trois-Rivieres","1948-12-31",""
"682","Stephane Robidas","2000","2015","D","937","57","201","258","16","713","","","","","","Sherbrooke","1977-03-03",""
"683","Earl Robinson","1929","1940","RW/C","417","83","98","181","","133","","","","","","Montreal","1907-03-11","1986-09-12"
"684","Louis Robitaille","2006","2006","LW","2","0","0","0","-1","5","","","","","","Montreal","1982-03-16",""
"685","Luc Robitaille*","1987","2006","LW","1431","668","726","1394","72","1177","","","","","","Montreal","1966-02-17",""
"686","Ernie Roche","1951","1951","D","4","0","0","0","","2","","","","","","Montreal","1930-02-04",""
"687","Leon Rochefort","1961","1976","RW","617","121","147","268","-51","93","","","","","","Cap-de-la-Madeleine","1939-05-04",""
"688","Normand Rochefort","1981","1994","D","598","39","119","158","82","570","","","","","","Trois-Rivieres","1961-01-28",""
"689","Marc Rodgers","2000","2000","RW","21","1","1","2","-3","10","","","","","","Shawville","1972-03-16",""
"690","Roberto Romano","1983","1994","G","126","0","1","1","0","6","46","63","8",".881","3.97","Montreal","1962-10-10",""
"691","Bobby Rousseau","1961","1975","RW","942","245","458","703","54","359","","","","","","Montreal","1940-07-26",""
"692","Guy Rousseau","1955","1957","LW","4","0","1","1","","0","","","","","","Montreal","1934-12-21","2016-11-23"
"693","Roland Rousseau","1953","1953","D","2","0","0","0","","0","","","","","","Montreal","1929-12-01","2010-10-13"
"694","Dominic Roussel","1992","2001","G","205","0","4","4","0","33","77","70","23",".895","3.12","Hull","1970-02-22",""
"695","Jean-Marc Routhier","1990","1990","RW","8","0","0","0","-3","9","","","","","","Quebec City","1968-02-02",""
"696","Jean-Yves Roy","1995","1998","RW","61","12","16","28","-6","26","","","","","","Longueuil","1969-02-17",""
"697","Mathieu Roy","2006","2013","D","66","2","11","13","-13","76","","","","","","St-Georges","1983-08-10",""
"698","Patrick Roy*","1985","2003","G","1029","0","45","45","0","262","551","315","131",".910","2.54","Quebec City","1965-10-05",""
"699","Stephane Roy","1988","1988","C","12","1","0","1","-6","0","","","","","","Ste-Foy","1967-06-29",""
"700","Gaetan Royer","2002","2002","RW","3","0","0","0","-1","2","","","","","","Donnacona","1976-03-13",""
"701","Remi Royer","1999","1999","D","18","0","0","0","-10","67","","","","","","Donnacona","1978-02-12",""
"702","Gino Rozzini","1945","1945","C","31","5","10","15","","20","","","","","","Shawinigan Falls","1918-10-24","1996-04-18"
"703","Dany Sabourin","2004","2009","G","57","0","1","1","0","4","18","25","4",".898","2.87","Val-d'Or","1980-09-02",""
"704","Yves Sarault","1995","2002","LW","106","10","10","20","-20","51","","","","","","Valleyfield","1972-12-23",""
"705","Dick Sarrazin","1969","1972","RW","100","20","35","55","-9","22","","","","","","St-Gabriel-de-Brandon","1946-01-22",""
"706","Bernie Saunders","1980","1981","LW","10","0","1","1","-2","8","","","","","","Montreal","1956-06-21",""
"707","Bob Sauve","1977","1989","G","420","0","14","14","0","57","182","154","54",".876","3.48","Ste-Genevieve","1955-06-17",""
"708","J.F. Sauve","1981","1987","C","290","65","138","203","3","114","","","","","","Ste-Genevieve","1960-01-23",""
"709","Yann Sauve","2011","2014","D","8","0","0","0","-4","0","","","","","","Montreal","1990-02-18",""
"710","Reggie Savage","1991","1994","C","34","5","7","12","-2","28","","","","","","Montreal","1970-05-01",""
"711","Andre Savard","1974","1985","C","790","211","271","482","114","411","","","","","","Temiscamingue","1953-02-09",""
"712","David Savard","2012","2017","D","315","27","80","107","19","198","","","","","","St. Hyacinthe","1990-10-22",""
"713","Denis Savard*","1981","1997","C","1196","473","865","1338","97","1336","","","","","","Pointe Gatineau","1961-02-04",""
"714","Jean Savard","1978","1980","C","43","7","12","19","4","29","","","","","","Verdun","1957-04-26",""
"715","Serge Savard*","1967","1983","D","1040","106","333","439","460","592","","","","","","Montreal","1946-01-22",""
"716","Marco Scandella","2011","2017","D","363","27","62","89","-11","148","","","","","","Montreal","1990-02-23",""
"717","Pierre Sevigny","1994","1998","LW","78","4","5","9","1","64","","","","","","Trois-Rivieres","1971-09-08",""
"718","Richard Sevigny","1980","1987","G","176","0","1","1","0","94","80","54","20",".867","3.21","Montreal","1957-04-11",""
"719","Daniel Shank","1990","1992","RW","77","13","14","27","-3","175","","","","","","Montreal","1967-05-12",""
"720","Scott Sharples","1992","1992","G","1","0","0","0","0","0","0","0","1",".900","3.69","Montreal","1968-03-01",""
"721","Frank Sheppard","1928","1928","C/LW","8","1","1","2","","0","","","","","","Montreal","1907-10-19",""
"722","Johnny Sheppard","1927","1934","LW","308","68","58","126","","224","","","","","","Montreal","1903-07-23","1968-08-28"
"723","Martin Simard","1991","1993","RW","44","1","5","6","-5","183","","","","","","Montreal","1966-06-25",""
"724","Bobby Simpson","1977","1983","LW","175","35","29","64","-4","98","","","","","","Caughnawaga","1956-11-17",""
"725","Reg Sinclair","1951","1953","RW/C","208","49","43","92","","139","","","","","","Lachine","1925-03-06","2013-11-14"
"726","Bob Sirois","1975","1980","RW","286","92","120","212","-53","42","","","","","","Montreal","1954-02-06",""
"727","Louis Sleigher","1980","1986","RW","194","46","53","99","23","146","","","","","","Nouvelle","1958-10-23",""
"728","Tod Sloan","1948","1961","C/RW","745","220","262","482","","831","","","","","","Pontiac","1927-11-30",""
"729","Derek Smith","1977","1983","C/LW","335","78","116","194","26","60","","","","","","Quebec City","1954-07-31",""
"730","John Smrke","1978","1980","LW","103","11","17","28","-28","33","","","","","","Chicoutimi","1956-02-25",""
"731","Bob Sneddon","1971","1971","G","5","0","0","0","0","0","0","2","0","","5.60","Montreal","1944-05-31",""
"732","Christian Soucy","1994","1994","G","1","0","0","0","0","0","0","0","0","","0.00","Gatineau","1970-09-14",""
"733","Martin St. Amour","1993","1993","LW","1","0","0","0","0","2","","","","","","Montreal","1970-01-30",""
"734","FrÃ©dÃ©ric St. Denis","2012","2015","D","21","1","3","4","2","10","","","","","","Greenfield Park","1986-01-23",""
"735","Bruno St. Jacques","2002","2006","D","67","3","7","10","-6","47","","","","","","Montreal","1980-08-22",""
"736","Andre St. Laurent","1974","1984","C","644","129","187","316","2","749","","","","","","Rouyn","1953-02-16",""
"737","Dollard St. Laurent","1951","1962","D","652","29","133","162","","496","","","","","","Verdun","1929-05-12","2015-04-06"
"738","Sam St. Laurent","1986","1990","G","34","0","0","0","0","4","7","12","4",".886","3.51","Arvida","1959-02-16",""
"739","Martin St. Louis","1999","2015","RW","1134","391","642","1033","37","310","","","","","","Laval","1975-06-18",""
"740","Claude St. Sauveur","1976","1976","C","79","24","24","48","-6","23","","","","","","Sherbrooke","1952-01-02",""
"741","Paul Stastny","2007","2017","C","742","204","389","593","18","366","","","","","","Quebec City","1985-12-27",""
"742","Yan Stastny","2006","2010","C","91","6","10","16","-20","58","","","","","","Quebec City","1982-09-30",""
"743","Ron Stern","1988","2000","RW","638","75","86","161","-44","2077","","","","","","Ste-Agathe","1967-01-11",""
"744","Anthony Stewart","2006","2012","RW","262","27","44","71","-16","123","","","","","","LaSalle","1985-01-05",""
"745","Nels Stewart*","1926","1940","C","650","324","191","515","","953","","","","","","Montreal","1902-12-29","1957-08-21"
"746","P.J. Stock","1998","2004","C","235","5","21","26","-6","523","","","","","","Montreal","1975-05-26",""
"747","Bob Sullivan","1983","1983","LW","62","18","19","37","-17","18","","","","","","Noranda","1957-11-29",""
"748","Jean-Guy Talbot","1955","1971","D","1056","43","242","285","1","1006","","","","","","Cap-de-la-Madeleine","1932-07-11",""
"749","Maxime Talbot","2006","2016","C","704","91","113","204","-27","495","","","","","","Lemoyne","1984-02-11",""
"750","Dale Tallon","1971","1980","D","642","98","238","336","-111","568","","","","","","Noranda","1950-10-19",""
"751","Alex Tanguay","2000","2016","LW","1088","283","580","863","163","527","","","","","","Ste-Justine","1979-11-21",""
"752","Christian Tanguay","1982","1982","RW","2","0","0","0","0","0","","","","","","Beauport","1962-08-04",""
"753","Marc Tardif","1970","1983","LW","517","194","207","401","26","443","","","","","","Granby","1949-06-12",""
"754","Patrice Tardif","1995","1996","C","65","7","11","18","-7","78","","","","","","Thetford Mines","1970-10-30",""
"755","Jose Theodore","1996","2013","G","648","1","16","17","0","40","286","254","69",".909","2.68","Laval","1976-09-13",""
"756","Gaston Therrien","1981","1983","D","22","0","8","8","-3","12","","","","","","Montreal","1960-05-27",""
"757","Gilles Thibaudeau","1987","1991","C","119","25","37","62","17","40","","","","","","Montreal","1963-03-04",""
"758","Jocelyn Thibault","1994","2008","G","586","0","6","6","0","18","238","238","75",".904","2.75","Montreal","1975-01-12",""
"759","Fred Thurier","1941","1945","C","80","25","27","52","","18","","","","","","Granby","1916-01-11","1999-11-20"
"760","Mario Thyer","1990","1990","C","5","0","0","0","-3","0","","","","","","Montreal","1966-09-29",""
"761","Glenn Tomalty","1980","1980","LW","1","0","0","0","0","0","","","","","","Lachute","1954-07-23",""
"762","Josh Tordjman","2009","2009","G","2","0","0","0","0","0","0","2","0",".871","4.07","Montreal","1985-01-11",""
"763","Jacques Toupin","1944","1944","RW","8","1","2","3","","0","","","","","","Trois-Rivieres","1910-11-10","1987-02-17"
"764","Patrick Traverse","1996","2006","D","279","14","51","65","2","113","","","","","","Montreal","1974-03-14",""
"765","Gilles Tremblay","1961","1969","LW","509","168","162","330","43","161","","","","","","Montmorency","1938-12-17","2014-11-26"
"766","J.C. Tremblay","1960","1972","D","794","57","306","363","130","204","","","","","","Bagotville","1939-01-22","1994-12-07"
"767","Mario Tremblay","1975","1986","RW","852","258","326","584","184","1043","","","","","","Montreal","1956-09-02",""
"768","Nils Tremblay","1945","1946","C","3","0","1","1","","0","","","","","","Matane","1923-07-26",""
"769","Vincent Tremblay","1980","1984","G","58","0","2","2","0","4","12","26","8",".831","4.80","Quebec City","1959-10-21",""
"770","Yannick Tremblay","1997","2007","D","390","38","87","125","-119","178","","","","","","Pointe-aux-Trembles","1975-11-15",""
"771","Pascal Trepanier","1998","2003","D","229","12","22","34","-8","252","","","","","","Gaspe","1973-09-04",""
"772","Guy Trottier","1969","1972","RW","115","28","17","45","-24","37","","","","","","Hull","1941-04-01","2014-06-19"
"773","Pierre Turgeon","1988","2007","C","1294","515","812","1327","139","452","","","","","","Rouyn","1969-08-28",""
"774","Sylvain Turgeon","1984","1995","LW","669","269","226","495","-108","691","","","","","","Noranda","1965-01-17",""
"775","Ian Turnbull","1974","1983","D","628","123","317","440","29","736","","","","","","Montreal","1953-12-22",""
"776","Nick Vachon","1997","1997","C","1","0","0","0","-1","0","","","","","","Montreal","1972-07-20",""
"777","Rogie Vachon*","1967","1982","G","795","0","10","10","0","47","355","291","127","","2.99","Palmarolle","1945-09-08",""
"778","Carol Vadnais","1967","1983","D","1087","169","418","587","-62","1813","","","","","","Montreal","1945-09-25","2014-08-31"
"779","Moose Vasko","1957","1970","D","786","34","166","200","-55","719","","","","","","Duparquet","1935-12-11","1998-10-30"
"780","Stephane Veilleux","2003","2015","LW","506","50","56","106","-64","348","","","","","","Beauceville","1981-11-16",""
"781","Randy Velischek","1983","1992","D","509","21","76","97","-68","401","","","","","","Montreal","1962-02-10",""
"782","Antoine Vermette","2004","2017","C","972","219","274","493","-48","582","","","","","","St. Agapit","1982-07-20",""
"783","Claude Verret","1984","1985","C","14","2","5","7","-5","2","","","","","","Lachine","1963-04-20",""
"784","Georges Vezina*","1918","1926","G","190","0","0","0","","2","103","81","5","","3.28","Chicoutimi","1887-01-21","1926-03-27"
"785","Alain Vigneault","1982","1983","D","42","2","5","7","-5","82","","","","","","Quebec City","1961-05-14",""
"786","Gilles Villemure","1964","1977","G","205","0","2","2","0","10","100","64","29","","2.81","Trois-Rivieres","1940-05-30",""
"787","Dan Vincelette","1988","1992","LW","193","20","22","42","-47","351","","","","","","Verdun","1967-08-01",""
"788","Marc-Edouard Vlasic","2007","2017","D","804","52","196","248","127","348","","","","","","Montreal","1987-03-30",""
"789","Jimmy Waite","1989","1999","G","106","0","1","1","0","10","28","41","12",".871","3.35","Sherbrooke","1969-04-15",""
"790","Ben Walter","2006","2010","C","24","1","0","1","-1","6","","","","","","Beaconsfield","1984-05-11",""
"791","Jim Watson","1964","1972","D","221","4","19","23","-84","345","","","","","","Malartic","1943-06-28",""
"792","Phil Watson","1936","1948","RW/C","590","144","265","409","","532","","","","","","Montreal","1914-04-24","1991-02-01"
"793","Wally Weir","1980","1985","D","320","21","45","66","-24","625","","","","","","Verdun","1954-06-03",""
"794","Moe White","1946","1946","LW/C","4","0","1","1","","2","","","","","","Verdun","1919-07-28",""
"795","Peter White","1994","2004","C","220","23","37","60","-19","36","","","","","","Montreal","1969-03-15",""
"796","Archie Wilcox","1930","1935","RW/D","208","8","14","22","","158","","","","","","Montreal","1903-05-09","1993-08-27"
"797","Derek Wilkinson","1996","1999","G","22","0","0","0","0","2","3","12","3",".874","3.67","LaSalle","1974-07-29",""
"798","Bernie Wolfe","1976","1979","G","120","0","1","1","0","17","20","61","21","","4.17","Montreal","1951-12-18",""
"799","Peter Worrell","1998","2004","LW","391","19","27","46","-48","1554","","","","","","Pierrefonds","1977-08-18",""
"800","Gump Worsley*","1953","1974","G","861","0","3","3","0","145","335","352","150","","2.88","Montreal","1929-05-14","2007-01-26"
"801","Ross Yates","1984","1984","C","7","1","1","2","0","4","","","","","","Montreal","1959-06-18",""
"802","Matthew Yeats","2004","2004","G","5","0","0","0","0","2","1","3","0",".908","3.02","Montreal","1979-04-06",""
"803","Larry Zeidel","1952","1969","D","158","3","16","19","9","198","","","","","","Montreal","1928-06-01","2014-06-17"
"804","Rob Zettler","1989","2002","D","569","5","65","70","-121","920","","","","","","Sept-Iles","1968-03-08",""
